<?xml version="1.0"?>
<VTKFile type="UnstructuredGrid" version="0.1" byte_order="LittleEndian">
<UnstructuredGrid>
<Piece NumberOfPoints="2044" NumberOfCells="596">
<Points>
<DataArray type="Float64" NumberOfComponents="3" format="ascii">
0.220347806811333 0.623074173927307 0
0.62355762720108 0.348258316516876 0
0.758517861366272 0.710369646549225 0
0.416431933641434 0.668259263038635 0
0.244783774018288 0.556794226169586 0
0.208650633692741 0.705414235591888 0
0.317050039768219 0.532081186771393 0
0.446689933538437 0.808017730712891 0
0.249095574021339 0.421454042196274 0
0.280916899442673 0.705414235591888 0
0.208650633692741 0.482484221458435 0
0.244783774018288 0.668259263038635 0
0.244783774018288 0.482484221458435 0
0.291404485702515 0.596276819705963 0
0.280916899442673 0.482484221458435 0
0.317050039768219 0.580224931240082 0
0.295032918453217 0.482484221458435 0
0.332401871681213 0.559931337833405 0
0.317050039768219 0.519639194011688 0
0.35205665230751 0.555730283260345 0
0.346556395292282 0.548461973667145 0
0.370072036981583 0.526776552200317 0
0.520178914070129 0.390802592039108 0
0.370665997266769 0.526528894901276 0
0.262547343969345 0.588317275047302 0
0.368075251579285 0.543945014476776 0
0.528336405754089 0.366241455078125 0
0.389316320419312 0.526237308979034 0
0.280916899442673 0.394520491361618 0
0.389316320419312 0.535811483860016 0
0.562809646129608 0.351448535919189 0
0.396115005016327 0.549237370491028 0
0.257837116718292 0.398170113563538 0
0.393933266401291 0.520546674728394 0
0.251177400350571 0.375801175832748 0
0.425449460744858 0.519639194011688 0
0.561549961566925 0.33386418223381 0
0.461582601070404 0.556794226169586 0
0.249934732913971 0.374619245529175 0
0.425449460744858 0.577727675437927 0
0.244347795844078 0.364326953887939 0
0.456448018550873 0.615735292434692 0
0.244180113077164 0.363593190908432 0
0.445799648761749 0.628410458564758 0
0.28138929605484 0.356729358434677 0
0.425449460744858 0.810411989688873 0
0.571577250957489 0.332860559225082 0
0.456563293933868 0.786985814571381 0
0.297449141740799 0.369545251131058 0
0.452126652002335 0.651565134525299 0
0.353183180093765 0.202256038784981 0
0.674987971782684 0.651400208473206 0
0.317050039768219 0.259554177522659 0
0.676015198230743 0.668259263038635 0
0.364309877157211 0.259554177522659 0
0.606115102767944 0.77972424030304 0
0.353183180093765 0.296709179878235 0
0.524455368518829 0.482484221458435 0
0.656610310077667 0.259554177522659 0
0.471778362989426 0.408174216747284 0
0.533848881721497 0.252328932285309 0
0.497715711593628 0.439391911029816 0
0.533848881721497 0.222399175167084 0
0.539940595626831 0.39457443356514 0
0.677281320095062 0.214799970388412 0
0.565347909927368 0.408701330423355 0
0.639065980911255 0.185244172811508 0
0.691674470901489 0.269096523523331 0
0.280916899442673 0.33386418223381 0
0.285019487142563 0.419597834348679 0
0.28306657075882 0.40601059794426 0
0.30371829867363 0.552201151847839 0
0.504384577274323 0.39493802189827 0
0.288788318634033 0.431538641452789 0
0.107275553047657 0.365746229887009 0
0.140251696109772 0.351204812526703 0
0.310146003961563 0.442889630794525 0
0.31550920009613 0.417415142059326 0
0.184610396623611 0.341700822114944 0
0.195992946624756 0.346738278865814 0
0.318862050771713 0.450344771146774 0
0.491345643997192 0.381836891174316 0
0.200177639722824 0.358301997184753 0
0.198059394955635 0.371019184589386 0
0.471603006124496 0.371019184589386 0
0.320924311876297 0.463832885026932 0
0.200994327664375 0.372919470071793 0
0.208330318331718 0.381625920534134 0
0.459173232316971 0.425714939832687 0
0.326968729496002 0.473710387945175 0
0.208650633692741 0.382362455129623 0
0.208650633692741 0.408174216747284 0
0.348330110311508 0.445329219102859 0
0.34905731678009 0.440787583589554 0
0.232667610049248 0.405633270740509 0
0.231585010886192 0.408174216747284 0
0.353183180093765 0.450412839651108 0
0.42517951130867 0.4713154733181 0
0.239553540945053 0.414747804403305 0
0.208650633692741 0.445329219102859 0
0.368631035089493 0.448045581579208 0
0.415556728839874 0.450258702039719 0
0.244783774018288 0.445329219102859 0
0.268345832824707 0.434715807437897 0
0.389316320419312 0.47252681851387 0
0.405675560235977 0.475715786218643 0
0.269917547702789 0.448648720979691 0
0.280916899442673 0.465324014425278 0
0.380390137434006 0.502650022506714 0
0.385838598012924 0.459046095609665 0
0.291583776473999 0.459719955921173 0
0.299120426177979 0.483602434396744 0
0.358090698719025 0.506924092769623 0
0.377859652042389 0.482484221458435 0
0.308692514896393 0.49028143286705 0
0.317050039768219 0.510761499404907 0
0.358102828264236 0.506937026977539 0
0.36279621720314 0.509574353694916 0
0.32007959485054 0.519639194011688 0
0.340796113014221 0.522605061531067 0
0.351884514093399 0.527909159660339 0
0.591840505599976 0.371019184589386 0
0.355628818273544 0.524514257907867 0
0.56998199224472 0.40108534693718 0
0.355396419763565 0.540082931518555 0
0.352432161569595 0.557776629924774 0
0.615973711013794 0.329963266849518 0
0.601891040802002 0.332933276891708 0
0.352628886699677 0.55795019865036 0
0.353183180093765 0.558732330799103 0
0.367109715938568 0.560178458690643 0
0.620125710964203 0.33998629450798 0
0.317050039768219 0.593949258327484 0
0.280916899442673 0.668259263038635 0
0.646046757698059 0.35243809223175 0
0.688816785812378 0.668259263038635 0
0.651656925678253 0.360553324222565 0
0.809413373470306 0.74452143907547 0
0.690177798271179 0.281317830085754 0
0.70636260509491 0.346225619316101 0
0.560113251209259 0.467994600534439 0
0.548732459545135 0.742884695529938 0
0.897098124027252 0.668259263038635 0
0.660035252571106 0.298884391784668 0
0.208650633692741 0.651141822338104 0
0.578000485897064 0.710901319980621 0
0.680602312088013 0.369048118591309 0
0.670046269893646 0.367403954267502 0
0.525768578052521 0.504538834095001 0
0.750647664070129 0.631104230880737 0
0.642248272895813 0.650211095809937 0
0.606115102767944 0.705414235591888 0
0.643508493900299 0.316414177417755 0
0.659656763076782 0.365541934967041 0
0.462265640497208 0.459975332021713 0
0.649238228797913 0.639223515987396 0
0.706712782382965 0.443074107170105 0
0.642248272895813 0.519639194011688 0
0.474272161722183 0.77424955368042 0
0.484953463077545 0.769815564155579 0
0.688942849636078 0.629327714443207 0
0.690383315086365 0.418072879314423 0
0.461582601070404 0.462265342473984 0
0.644179403781891 0.591437041759491 0
0.437811404466629 0.469847291707993 0
0.244783774018288 0.640340864658356 0
0.640787422657013 0.590841948986053 0
0.678381383419037 0.420704483985901 0
0.353183180093765 0.631104230880737 0
0.51332950592041 0.736887812614441 0
0.678381383419037 0.445329219102859 0
0.533848881721497 0.43566957116127 0
0.456037640571594 0.500883221626282 0
0.456509053707123 0.593949258327484 0
0.497715711593628 0.445329219102859 0
0.533621251583099 0.531040191650391 0
0.39852249622345 0.496437251567841 0
0.401475131511688 0.575093328952789 0
0.513817489147186 0.514988780021667 0
0.525788724422455 0.485302478075027 0
0.416758179664612 0.490360975265503 0
0.424513041973114 0.493596136569977 0
0.468984186649323 0.48040571808815 0
0.461582601070404 0.471595048904419 0
0.426264196634293 0.472748845815659 0
0.425574749708176 0.441663831472397 0
0.35021647810936 0.482484221458435 0
0.317050039768219 0.420574635267258 0
0.422255963087082 0.443774580955505 0
0.310617476701736 0.386934638023376 0
0.419111549854279 0.444636017084122 0
0.280916899442673 0.402973681688309 0
0.485721081495285 0.349104106426239 0
0.251726895570755 0.388352274894714 0
0.496279090642929 0.391735136508942 0
0.476094365119934 0.371793329715729 0
0.565222978591919 0.331478089094162 0
0.327381193637848 0.398637235164642 0
0.425449460744858 0.371019184589386 0
0.453973233699799 0.343123078346252 0
0.582844018936157 0.296032130718231 0
0.487770140171051 0.403156667947769 0
0.567514419555664 0.285178124904633 0
0.425449460744858 0.322071194648743 0
0.416500508785248 0.304512023925781 0
0.353183180093765 0.33386418223381 0
0.280916899442673 0.222399175167084 0
0.497715711593628 0.274297416210175 0
0.642248272895813 0.275040924549103 0
0.642248272895813 0.231292128562927 0
0.507529079914093 0.27092906832695 0
0.497715711593628 0.296709179878235 0
0.636240065097809 0.222399175167084 0
0.606115102767944 0.222399175167084 0
0.524172067642212 0.295520156621933 0
0.523904919624329 0.296709179878235 0
0.582136690616608 0.312413096427917 0
0.56998199224472 0.284154623746872 0
0.530900299549103 0.302172541618347 0
0.541126668453217 0.304248034954071 0
0.603097438812256 0.296709179878235 0
0.63106906414032 0.290780693292618 0
0.552123367786407 0.305315613746643 0
0.56428724527359 0.320311576128006 0
0.602348506450653 0.313175648450851 0
0.598273277282715 0.317951560020447 0
0.567472815513611 0.331599116325378 0
0.579997837543488 0.330667048692703 0
0.596648275852203 0.339792877435684 0
0.596771538257599 0.324176102876663 0
0.590464353561401 0.332428306341171 0
0.644559144973755 0.592458307743073 0
0.614271819591522 0.328931748867035 0
0.621450126171112 0.332620769739151 0
0.597536265850067 0.345849424600601 0
0.618325769901276 0.30411496758461 0
0.581503391265869 0.345977544784546 0
0.595517158508301 0.393606662750244 0
0.678381383419037 0.482484221458435 0
0.542090713977814 0.384417146444321 0
0.723910748958588 0.451483517885208 0
0.600907444953918 0.349675744771957 0
0.786780834197998 0.631104230880737 0
0.569055318832397 0.435017257928848 0
0.834666907787323 0.704577922821045 0
0.625598967075348 0.373736321926117 0
0.83240270614624 0.631104230880737 0
0.628873467445374 0.374907433986664 0
0.673443078994751 0.286428332328796 0
0.686865150928497 0.391764968633652 0
0.641802966594696 0.388901650905609 0
0.555911660194397 0.446152001619339 0
0.715536773204803 0.400617867708206 0
0.703631997108459 0.400738477706909 0
0.642248272895813 0.408174216747284 0
0.551626741886139 0.435583531856537 0
0.724547982215881 0.408026725053787 0
0.714514553546906 0.399134993553162 0
0.665017426013947 0.404894709587097 0
0.712781250476837 0.450589716434479 0
0.737088084220886 0.434242457151413 0
0.723889946937561 0.420599699020386 0
0.762177109718323 0.479128330945969 0
0.677708148956299 0.556794226169586 0
0.746521055698395 0.437356024980545 0
0.743835389614105 0.432614684104919 0
0.657254755496979 0.590156853199005 0
0.533848881721497 0.445329219102859 0
0.642248272895813 0.445329219102859 0
0.75245726108551 0.445044726133347 0
0.714514553546906 0.222399175167084 0
0.732733190059662 0.362446695566177 0
0.606115102767944 0.519639194011688 0
0.714514553546906 0.686749458312988 0
0.198762536048889 0.631104230880737 0
0.425449460744858 0.77972424030304 0
0.642248272895813 0.77972424030304 0
0.511914253234863 0.908556938171387 0
0.27473846077919 0.604427337646484 0
0.25067663192749 0.632978498935699 0
0.503288745880127 0.883682429790497 0
0.494975358247757 0.859138429164886 0
0.280916899442673 0.631104230880737 0
0.425449460744858 0.631104230880737 0
0.478801757097244 0.82627260684967 0
0.477081179618835 0.79296600818634 0
0.461582601070404 0.705414235591888 0
0.280916899442673 0.607932329177856 0
0.491534233093262 0.792525231838226 0
0.497715711593628 0.795123875141144 0
0.385034710168839 0.593949258327484 0
0.353183180093765 0.593949258327484 0
0.502072036266327 0.787939310073853 0
0.510291934013367 0.780899405479431 0
0.5226891040802 0.557966828346252 0
0.566960990428925 0.6677286028862 0
0.509349465370178 0.764159083366394 0
0.533145189285278 0.757867097854614 0
0.533848881721497 0.566177845001221 0
0.590698540210724 0.661374986171722 0
0.533848881721497 0.758227944374084 0
0.533848881721497 0.77972424030304 0
0.497715711593628 0.631104230880737 0
0.533848881721497 0.668259263038635 0
0.539982855319977 0.749363780021667 0
0.546065032482147 0.724318087100983 0
0.568109095096588 0.591144025325775 0
0.533848881721497 0.593949258327484 0
0.554800748825073 0.717824280261993 0
0.56998199224472 0.742569267749786 0
0.56998199224472 0.596459925174713 0
0.567786633968353 0.593949258327484 0
0.571216642856598 0.719461560249329 0
0.585513174533844 0.703112602233887 0
0.58915102481842 0.596079766750336 0
0.602709412574768 0.631104230880737 0
0.594955503940582 0.681624412536621 0
0.606115102767944 0.686740696430206 0
0.606115102767944 0.627756714820862 0
0.605159878730774 0.608976244926453 0
0.60882830619812 0.680569291114807 0
0.616132736206055 0.672560155391693 0
0.631962895393372 0.604799747467041 0
0.618205666542053 0.627527296543121 0
0.620485484600067 0.645683526992798 0
0.636511504650116 0.646908104419708 0
0.647855639457703 0.627433359622955 0
0.630602240562439 0.621499419212341 0
0.646537184715271 0.641779959201813 0
0.646582663059235 0.610343158245087 0
0.640974402427673 0.620148062705994 0
0.654210150241852 0.618418514728546 0
0.678381383419037 0.618084371089935 0
0.656863272190094 0.618408501148224 0
0.720135450363159 0.656425952911377 0
0.678381383419037 0.613876342773438 0
0.75581032037735 0.676434457302094 0
0.678638935089111 0.612796783447266 0
0.786780834197998 0.593949258327484 0
0.684350788593292 0.603101491928101 0
0.786750018596649 0.556794226169586 0
0.636275589466095 0.380678117275238 0
0.502251982688904 0.422293782234192 0
0.528616547584534 0.420654654502869 0
0.566521763801575 0.420330137014389 0
0.567283391952515 0.414674609899521 0
0.517793834209442 0.411584794521332 0
0.52247953414917 0.414108455181122 0
0.565208315849304 0.407427221536636 0
0.54684716463089 0.40198540687561 0
0.521392166614532 0.402391076087952 0
0.516958713531494 0.411554127931595 0
0.540469646453857 0.395685464143753 0
0.530405461788177 0.393160879611969 0
0.523781061172485 0.387113809585571 0
0.446928352117538 0.33750656247139 0
0.511415719985962 0.386945754289627 0
0.495872557163239 0.390031963586807 0
0.521477103233337 0.376642256975174 0
0.461582601070404 0.371019184589386 0
0.522491693496704 0.369147896766663 0
0.461582601070404 0.359647214412689 0
0.517305970191956 0.368082910776138 0
0.548752307891846 0.363046258687973 0
0.425338238477707 0.321123450994492 0
0.389316320419312 0.371019184589386 0
0.503274440765381 0.356790214776993 0
0.436765998601913 0.33386418223381 0
0.499679386615753 0.347640842199326 0
0.425449460744858 0.33386418223381 0
0.498364835977554 0.336156129837036 0
0.48917144536972 0.332739800214767 0
0.389316320419312 0.33386418223381 0
0.409006983041763 0.299354910850525 0
0.479221522808075 0.330098211765289 0
0.471561998128891 0.325111150741577 0
0.389316320419312 0.296709179878235 0
0.317050039768219 0.36971589922905 0
0.489397495985031 0.259554177522659 0
0.463114112615585 0.308100491762161 0
0.388680428266525 0.281677842140198 0
0.389316320419312 0.28552633523941 0
0.461582601070404 0.259554177522659 0
0.450702637434006 0.29514878988266 0
0.317050039768219 0.296709179878235 0
0.378928601741791 0.266002506017685 0
0.441243529319763 0.292004585266113 0
0.497715711593628 0.245612010359764 0
0.533471584320068 0.252441793680191 0
0.353183180093765 0.259554177522659 0
0.42922642827034 0.278649002313614 0
0.351917594671249 0.242339804768562 0
0.353183180093765 0.248170554637909 0
0.425449460744858 0.222399175167084 0
0.541966736316681 0.27223789691925 0
0.336052417755127 0.222399175167084 0
0.412337303161621 0.257451802492142 0
0.389316320419312 0.221233025193214 0
0.213986903429031 0.330423206090927 0
0.244783774018288 0.222399175167084 0
0.403373271226883 0.253800570964813 0
0.396719723939896 0.247783303260803 0
0.182492256164551 0.31290540099144 0
0.208650633692741 0.222399175167084 0
0.392376661300659 0.239399984478951 0
0.384862005710602 0.221433639526367 0
0.497715711593628 0.222399175167084 0
0.374076813459396 0.219647422432899 0
0.56998199224472 0.185244172811508 0
0.56998199224472 0.259554177522659 0
0.682412385940552 0.241420596837997 0
0.678381383419037 0.214682221412659 0
0.637215733528137 0.21985088288784 0
0.644091367721558 0.231050848960876 0
0.680371224880219 0.256986498832703 0
0.685161471366882 0.24693101644516 0
0.664308905601501 0.250284641981125 0
0.670343399047852 0.261896461248398 0
0.680053234100342 0.271708697080612 0
0.693605780601501 0.398401111364365 0
0.686972379684448 0.268320828676224 0
0.674043774604797 0.289217561483383 0
0.717154443264008 0.31180864572525 0
0.70331221818924 0.28945329785347 0
0.672383189201355 0.298384964466095 0
0.645571887493134 0.309945613145828 0
0.678381383419037 0.33386418223381 0
0.714514553546906 0.289761632680893 0
0.695464193820953 0.307862401008606 0
0.724743366241455 0.351792305707932 0
0.760239362716675 0.421811193227768 0
0.714514553546906 0.259554177522659 0
0.696737885475159 0.336371719837189 0
0.70903480052948 0.35948371887207 0
0.779821693897247 0.441356003284454 0
0.764321684837341 0.434378832578659 0
0.706071496009827 0.371019184589386 0
0.714514553546906 0.384159505367279 0
0.750647664070129 0.482484221458435 0
0.721068322658539 0.382724672555923 0
0.750647664070129 0.33386418223381 0
0.724814772605896 0.40826678276062 0
0.727205097675323 0.408852875232697 0
0.786780834197998 0.408174216747284 0
0.744345724582672 0.429593205451965 0
0.751139104366302 0.440833449363708 0
0.750647664070129 0.296709179878235 0
0.759109973907471 0.451497137546539 0
0.759146928787231 0.460724890232086 0
0.786780834197998 0.371019184589386 0
0.714514553546906 0.482484221458435 0
0.750647664070129 0.259554177522659 0
0.757371068000793 0.482484221458435 0
0.714514553546906 0.556794226169586 0
0.750647664070129 0.222399175167084 0
0.778310894966125 0.514928162097931 0
0.776084780693054 0.519639194011688 0
0.786780834197998 0.296709179878235 0
0.786780834197998 0.33386418223381 0
0.782775044441223 0.527308821678162 0
0.803267300128937 0.531841635704041 0
0.786780834197998 0.222399175167084 0
0.786780834197998 0.259554177522659 0
0.714514553546906 0.631104230880737 0
0.750647664070129 0.593949258327484 0
0.813209056854248 0.570673286914825 0
0.244783774018288 0.77972424030304 0
0.389316320419312 0.840257465839386 0
0.365978717803955 0.884055912494659 0
0.491268664598465 0.760759115219116 0
0.389316320419312 0.79021954536438 0
0.492622017860413 0.742569267749786 0
0.390565872192383 0.786800742149353 0
0.52849954366684 0.721463620662689 0
0.39436063170433 0.769894599914551 0
0.529793560504913 0.707091212272644 0
0.420080572366714 0.742569267749786 0
0.529535055160522 0.705414235591888 0
0.413691252470016 0.743330419063568 0
0.552128851413727 0.699252963066101 0
0.493217766284943 0.747080147266388 0
0.565610945224762 0.682041764259338 0
0.429063707590103 0.714322805404663 0
0.566243231296539 0.668259263038635 0
0.434525102376938 0.698445498943329 0
0.525427460670471 0.544000327587128 0
0.389316320419312 0.631104230880737 0
0.454498022794724 0.672277867794037 0
0.461582601070404 0.672620296478271 0
0.487916618585587 0.577415525913239 0
0.457619935274124 0.597209990024567 0
0.497715711593628 0.705414235591888 0
0.467497944831848 0.641805589199066 0
0.456640094518661 0.519639194011688 0
0.461582601070404 0.523080706596375 0
0.477172136306763 0.628528952598572 0
0.497715711593628 0.603562831878662 0
0.488336443901062 0.526231706142426 0
0.467278957366943 0.521320641040802 0
0.503052651882172 0.586759507656097 0
0.505809426307678 0.56921261548996 0
0.505804479122162 0.533634126186371 0
0.495777010917664 0.537989914417267 0
0.519577324390411 0.558463156223297 0
0.514321386814117 0.51672089099884 0
0.509320199489594 0.530409216880798 0
0.535003781318665 0.529488861560822 0
0.57107937335968 0.548228204250336 0
0.538111746311188 0.528518080711365 0
0.56998199224472 0.546089589595795 0
0.54385769367218 0.51570588350296 0
0.642248272895813 0.590270340442657 0
0.543832778930664 0.496441692113876 0
0.671053528785706 0.412452638149261 0
0.56998199224472 0.487170040607452 0
0.665467977523804 0.388849675655365 0
0.571773767471313 0.475193023681641 0
0.606115102767944 0.445329219102859 0
0.574911057949066 0.45788100361824 0
0.626063406467438 0.363128572702408 0
0.559250235557556 0.376918762922287 0
0.586471259593964 0.445768684148788 0
0.578770995140076 0.371019184589386 0
0.602496385574341 0.417163968086243 0
0.606115102767944 0.418021708726883 0
0.610049962997437 0.353169292211533 0
0.603255331516266 0.355812519788742 0
0.613263130187988 0.38531306385994 0
0.62555468082428 0.373652219772339 0
0.628121674060822 0.349947780370712 0
0.636228144168854 0.349829107522964 0
0.620565414428711 0.330754190683365 0
0.643304288387299 0.346112072467804 0
0.678381383419037 0.308564275503159 0
0.183890864253044 0.296279311180115 0
0.365612268447876 0.215484738349915 0
0.188746228814125 0.322592914104462 0
0.208650633692741 0.296709179878235 0
0.0530959703028202 0.222399175167084 0
0.216551542282104 0.343455821275711 0
0.146009132266045 0.259554177522659 0
0.184746071696281 0.296709179878235 0
0.203699916601181 0.324392408132553 0
0.233796194195747 0.389252036809921 0
0.16602997481823 0.343189686536789 0
0.0972205251455307 0.371019184589386 0
0.276149153709412 0.576117515563965 0
0.208650633692741 0.593949258327484 0
0.236667051911354 0.614465415477753 0
0.236667096614838 0.593949258327484 0
0.208650633692741 0.668259263038635 0
0.244783774018288 0.742569267749786 0
0.389128863811493 0.708918452262878 0
0.280916899442673 0.77972424030304 0
0.208650633692741 0.185244172811508 0
0.208650633692741 0.259554177522659 0
0.280916899442673 0.259554177522659 0
0.208650633692741 0.323118060827255 0
0.219361275434494 0.35626620054245 0
0.218532279133797 0.33386418223381 0
0.228882893919945 0.362990945577621 0
0.225390672683716 0.381515324115753 0
0.244783774018288 0.423213422298431 0
0.208650633692741 0.519639194011688 0
0.263600468635559 0.445329219102859 0
0.208650633692741 0.556794226169586 0
0.278233885765076 0.556794226169586 0
0.241783022880554 0.591052055358887 0
0.208650633692741 0.61843079328537 0
0.230981558561325 0.637126207351685 0
0.208650633692741 0.742569267749786 0
0.280916899442673 0.742569267749786 0
0.208650633692741 0.77972424030304 0
0.37404790520668 0.742569267749786 0
0.244783774018288 0.185244172811508 0
0.244783774018288 0.259554177522659 0
0.244783774018288 0.296709179878235 0
0.244783774018288 0.33386418223381 0
0.280916899442673 0.355244815349579 0
0.244783774018288 0.361487537622452 0
0.269410848617554 0.403034210205078 0
0.268481701612473 0.377145290374756 0
0.265778541564941 0.421685606241226 0
0.27756142616272 0.457075983285904 0
0.244783774018288 0.519639194011688 0
0.280916899442673 0.519639194011688 0
0.283433884382248 0.555570065975189 0
0.244783774018288 0.586851716041565 0
0.254733622074127 0.608165681362152 0
0.244783774018288 0.705414235591888 0
0.389316320419312 0.703698337078094 0
0.254733681678772 0.631104230880737 0
0.353183180093765 0.742569267749786 0
0.353183180093765 0.772030234336853 0
0.34864553809166 0.780170679092407 0
0.280916899442673 0.185244172811508 0
0.280916899442673 0.296709179878235 0
0.317050039768219 0.222399175167084 0
0.374197691679001 0.245185434818268 0
0.360894083976746 0.42206534743309 0
0.317871451377869 0.375460982322693 0
0.284790635108948 0.389567196369171 0
0.28561332821846 0.408174216747284 0
0.300478726625443 0.408174216747284 0
0.297163814306259 0.439302563667297 0
0.304685026407242 0.46319904923439 0
0.280916899442673 0.554927468299866 0
0.314824312925339 0.500079691410065 0
0.31598499417305 0.538237154483795 0
0.377814948558807 0.565829992294312 0
0.290686041116714 0.565153479576111 0
0.385747671127319 0.589353382587433 0
0.299152106046677 0.593949258327484 0
0.353183180093765 0.705414235591888 0
0.317050039768219 0.742569267749786 0
0.317050039768219 0.77972424030304 0
0.348475873470306 0.77972424030304 0
0.317050039768219 0.185244172811508 0
0.34760507941246 0.23392516374588 0
0.317050039768219 0.33386418223381 0
0.370989918708801 0.261301279067993 0
0.40619695186615 0.289401680231094 0
0.353183180093765 0.399835288524628 0
0.31820872426033 0.371019184589386 0
0.349698632955551 0.401555448770523 0
0.339817821979523 0.417183935642242 0
0.317050039768219 0.442658126354218 0
0.319425225257874 0.445329219102859 0
0.336995333433151 0.479977279901505 0
0.353183180093765 0.483184903860092 0
0.334949105978012 0.523095428943634 0
0.326700150966644 0.520027875900269 0
0.319007098674774 0.572404623031616 0
0.317050039768219 0.631104230880737 0
0.317050039768219 0.668259263038635 0
0.317050039768219 0.705414235591888 0
0.388257741928101 0.705414235591888 0
0.377950459718704 0.740515232086182 0
0.367387652397156 0.772492051124573 0
0.349070310592651 0.920274078845978 0
0.353183180093765 0.185244172811508 0
0.390344053506851 0.228650584816933 0
0.370110154151917 0.236540421843529 0
0.384825438261032 0.27279469370842 0
0.353183180093765 0.371019184589386 0
0.400750339031219 0.296709179878235 0
0.389316320419312 0.42578512430191 0
0.398309171199799 0.439321398735046 0
0.364554524421692 0.408174216747284 0
0.376209735870361 0.436058312654495 0
0.353183180093765 0.482484221458435 0
0.385055333375931 0.47864094376564 0
0.353820770978928 0.495437651872635 0
0.390108317136765 0.539325714111328 0
0.373931139707565 0.524288654327393 0
0.384027600288391 0.575554966926575 0
0.353183180093765 0.668259263038635 0
0.389316320419312 0.598573744297028 0
0.416618287563324 0.668142199516296 0
0.406802475452423 0.700580179691315 0
0.387286901473999 0.727030158042908 0
0.379981994628906 0.76101815700531 0
0.434923768043518 0.81130313873291 0
0.366829991340637 0.79139655828476 0
0.389316320419312 0.185244172811508 0
0.423611789941788 0.258736938238144 0
0.426668465137482 0.268437594175339 0
0.390476495027542 0.222399175167084 0
0.410264939069748 0.272404909133911 0
0.421944230794907 0.31176820397377 0
0.389316320419312 0.408174216747284 0
0.437825709581375 0.333997309207916 0
0.46117377281189 0.408174216747284 0
0.446976870298386 0.439771890640259 0
0.411275833845139 0.4708551466465 0
0.389316320419312 0.470895260572433 0
0.405254483222961 0.556308627128601 0
0.425449460744858 0.4947389960289 0
0.395760893821716 0.519639194011688 0
0.410921424627304 0.581886351108551 0
0.425449460744858 0.603726029396057 0
0.406663030385971 0.556794226169586 0
0.393007427453995 0.598128974437714 0
0.389316320419312 0.668259263038635 0
0.428767681121826 0.656393647193909 0
0.418069750070572 0.688287079334259 0
0.425449460744858 0.742569267749786 0
0.392968267202377 0.711288630962372 0
0.455788761377335 0.77972424030304 0
0.398535490036011 0.753223061561584 0
0.422651052474976 0.814052224159241 0
0.39721354842186 0.77972424030304 0
0.425449460744858 0.185244172811508 0
0.425449460744858 0.25859072804451 0
0.43408477306366 0.286504656076431 0
0.426486402750015 0.259554177522659 0
0.462008863687515 0.296401411294937 0
0.448921680450439 0.309803485870361 0
0.425449460744858 0.408174216747284 0
0.458960354328156 0.350846886634827 0
0.463870882987976 0.408174216747284 0
0.425449460744858 0.441621780395508 0
0.437117427587509 0.456916987895966 0
0.447318196296692 0.476457089185715 0
0.439265012741089 0.48919478058815 0
0.425449460744858 0.556794226169586 0
0.484643071889877 0.556145846843719 0
0.472761034965515 0.587308287620544 0
0.432075530290604 0.593949258327484 0
0.437856644392014 0.631104230880737 0
0.425449460744858 0.655253887176514 0
0.461582601070404 0.742569267749786 0
0.436563849449158 0.680455327033997 0
0.437998235225677 0.705414235591888 0
0.425449460744858 0.72566282749176 0
0.460594654083252 0.775511384010315 0
0.45390310883522 0.799911916255951 0
0.461582601070404 0.185244172811508 0
0.461582601070404 0.222399175167084 0
0.461582601070404 0.295878261327744 0
0.466192871332169 0.317778557538986 0
0.523857414722443 0.280476361513138 0
0.462367206811905 0.296709179878235 0
0.467872112989426 0.354551613330841 0
0.484752923250198 0.375757336616516 0
0.461582601070404 0.407849818468094 0
0.475588202476501 0.447406589984894 0
0.543951809406281 0.445329219102859 0
0.497715711593628 0.497362047433853 0
0.487590491771698 0.445329219102859 0
0.475410282611847 0.482484221458435 0
0.473286956548691 0.511817753314972 0
0.494933247566223 0.543249547481537 0
0.48325127363205 0.556794226169586 0
0.461582601070404 0.586490392684937 0
0.602616131305695 0.642507374286652 0
0.473613917827606 0.607083559036255 0
0.479295700788498 0.631104230880737 0
0.463276028633118 0.658448040485382 0
0.497715711593628 0.737613677978516 0
0.465156048536301 0.668259263038635 0
0.499453514814377 0.737939536571503 0
0.461582601070404 0.774090588092804 0
0.714514553546906 0.705414235591888 0
0.472837030887604 0.804215133190155 0
0.497715711593628 0.185244172811508 0
0.657067716121674 0.210130736231804 0
0.540561556816101 0.258620828390121 0
0.521082103252411 0.253196477890015 0
0.518309712409973 0.272279351949692 0
0.533848881721497 0.305889576673508 0
0.497715711593628 0.332946479320526 0
0.498525023460388 0.33386418223381 0
0.509149968624115 0.363604217767715 0
0.502815425395966 0.393730640411377 0
0.518927812576294 0.39251720905304 0
0.497715711593628 0.482484221458435 0
0.532679617404938 0.429324716329575 0
0.533469617366791 0.470795392990112 0
0.500748693943024 0.506599247455597 0
0.52328234910965 0.55033540725708 0
0.513527035713196 0.532150328159332 0
0.497936576604843 0.602850019931793 0
0.536482095718384 0.564733028411865 0
0.50549042224884 0.593949258327484 0
0.497715711593628 0.668259263038635 0
0.533848881721497 0.700774729251862 0
0.539335489273071 0.701450884342194 0
0.52301150560379 0.731395840644836 0
0.515600979328156 0.755035161972046 0
0.513071835041046 0.77972424030304 0
0.497715711593628 0.863674879074097 0
0.533848881721497 0.185244172811508 0
0.546092689037323 0.282295048236847 0
0.575205206871033 0.290571093559265 0
0.542178630828857 0.259554177522659 0
0.554608583450317 0.286608457565308 0
0.55984354019165 0.310670107603073 0
0.533848881721497 0.33386418223381 0
0.533848881721497 0.358094960451126 0
0.555495381355286 0.40596005320549 0
0.577826023101807 0.401934117078781 0
0.553678572177887 0.420651435852051 0
0.547613084316254 0.446352988481522 0
0.533848881721497 0.469146877527237 0
0.577675998210907 0.576012074947357 0
0.559766471385956 0.487029284238815 0
0.546016931533813 0.519639194011688 0
0.547000885009766 0.548095405101776 0
0.55935662984848 0.566770076751709 0
0.533848881721497 0.631104230880737 0
0.56998199224472 0.664148211479187 0
0.578908622264862 0.664635300636292 0
0.560887336730957 0.692783296108246 0
0.56998199224472 0.722713351249695 0
0.56998199224472 0.77972424030304 0
0.549645781517029 0.742569267749786 0
0.741162836551666 0.705414235591888 0
0.533848881721497 0.963079869747162 0
0.606115102767944 0.185244172811508 0
0.56998199224472 0.222399175167084 0
0.642213523387909 0.27533370256424 0
0.611876606941223 0.29559263586998 0
0.584652960300446 0.296709179878235 0
0.587799429893494 0.320459574460983 0
0.577882051467896 0.371366053819656 0
0.60245668888092 0.359393060207367 0
0.593092262744904 0.372860908508301 0
0.56998199224472 0.380059033632278 0
0.606115102767944 0.482484221458435 0
0.580862522125244 0.423057436943054 0
0.587741672992706 0.445329219102859 0
0.56998199224472 0.519639194011688 0
0.734241008758545 0.453423082828522 0
0.573485672473907 0.482484221458435 0
0.599734783172607 0.579339444637299 0
0.606115102767944 0.572292864322662 0
0.584942817687988 0.556794226169586 0
0.56998199224472 0.631104230880737 0
0.604966342449188 0.629253089427948 0
0.598601043224335 0.653999030590057 0
0.583065927028656 0.684779226779938 0
0.642248272895813 0.705414235591888 0
0.5866659283638 0.705414235591888 0
0.750647664070129 0.742569267749786 0
0.642248272895813 0.182837203145027 0
0.606115102767944 0.259554177522659 0
0.671535789966583 0.283907949924469 0
0.606115102767944 0.294361025094986 0
0.622342884540558 0.328380286693573 0
0.637873351573944 0.317393124103546 0
0.619053065776825 0.354107201099396 0
0.622655153274536 0.357202082872391 0
0.642248272895813 0.390203237533569 0
0.611932158470154 0.40374019742012 0
0.663921177387238 0.408174216747284 0
0.613637804985046 0.408174216747284 0
0.705643475055695 0.429017722606659 0
0.606115102767944 0.556794226169586 0
0.618179976940155 0.588382422924042 0
0.667242765426636 0.584988951683044 0
0.62906289100647 0.623279571533203 0
0.606115102767944 0.612301647663116 0
0.621029615402222 0.662002086639404 0
0.642248272895813 0.668259263038635 0
0.62419205904007 0.668259263038635 0
0.606115102767944 0.742569267749786 0
0.678381383419037 0.705414235591888 0
0.74348396062851 0.695931017398834 0
0.714514553546906 0.77972424030304 0
0.678381383419037 0.185244172811508 0
0.682395994663239 0.226862147450447 0
0.652698338031769 0.185244172811508 0
0.642248272895813 0.259554177522659 0
0.664366126060486 0.235690146684647 0
0.660118162631989 0.261546194553375 0
0.644242644309998 0.346140474081039 0
0.676088988780975 0.302782654762268 0
0.690293073654175 0.33386418223381 0
0.653900384902954 0.33386418223381 0
0.657186925411224 0.384229004383087 0
0.642248272895813 0.482484221458435 0
0.677608489990234 0.419331699609756 0
0.70633602142334 0.445329219102859 0
0.642248272895813 0.556794226169586 0
0.692776024341583 0.596278965473175 0
0.673608243465424 0.575985610485077 0
0.658555448055267 0.607276439666748 0
0.668599128723145 0.623287677764893 0
0.659967184066772 0.636940836906433 0
0.642248272895813 0.742569267749786 0
0.678381383419037 0.670119941234589 0
0.714514553546906 0.742569267749786 0
0.790917158126831 0.742569267749786 0
0.714514553546906 0.185244172811508 0
0.729731380939484 0.334783524274826 0
0.721241056919098 0.324374198913574 0
0.683884739875793 0.222399175167084 0
0.71022492647171 0.259554177522659 0
0.718441069126129 0.296612203121185 0
0.702068746089935 0.319195061922073 0
0.678381383419037 0.3665791451931 0
0.683410048484802 0.380830049514771 0
0.709177136421204 0.373980492353439 0
0.683300852775574 0.371019184589386 0
0.700200259685516 0.420683950185776 0
0.678381383419037 0.519639194011688 0
0.714514553546906 0.452815413475037 0
0.678381383419037 0.556369602680206 0
0.750647664070129 0.519639194011688 0
0.750647664070129 0.556794226169586 0
0.68002051115036 0.556794226169586 0
0.699346005916595 0.593949258327484 0
0.688040018081665 0.668259263038635 0
0.714514553546906 0.639970302581787 0
0.697280704975128 0.631104230880737 0
0.678381383419037 0.742569267749786 0
0.708063006401062 0.675520956516266 0
0.678381383419037 0.77972424030304 0
0.750647664070129 0.77972424030304 0
0.750647664070129 0.185244172811508 0
0.762536466121674 0.406119972467422 0
0.750647664070129 0.366120517253876 0
0.752300024032593 0.381999105215073 0
0.75482439994812 0.395329594612122 0
0.718541324138641 0.296709179878235 0
0.730438351631165 0.33386418223381 0
0.751437306404114 0.367855042219162 0
0.722521364688873 0.406934857368469 0
0.73932272195816 0.388353198766708 0
0.739526212215424 0.417386531829834 0
0.727860987186432 0.430859565734863 0
0.741653561592102 0.459180116653442 0
0.714514553546906 0.519639194011688 0
0.779120743274689 0.499965131282806 0
0.714514553546906 0.593949258327484 0
0.786780834197998 0.556848347187042 0
0.790666341781616 0.697738230228424 0
0.738757073879242 0.665189862251282 0
0.731630086898804 0.676462531089783 0
0.750647664070129 0.713464081287384 0
0.786780834197998 0.742569267749786 0
0.786780834197998 0.185244172811508 0
0.797379791736603 0.50559139251709 0
0.808585584163666 0.514671146869659 0
0.796366333961487 0.491521149873734 0
0.786780834197998 0.441714525222778 0
0.788910329341888 0.466038882732391 0
0.794953346252441 0.477646499872208 0
0.754142701625824 0.371019184589386 0
0.76574832201004 0.408174216747284 0
0.787786424160004 0.452022701501846 0
0.750647664070129 0.478338301181793 0
0.775162637233734 0.458203703165054 0
0.771785616874695 0.488990157842636 0
0.786780834197998 0.538265824317932 0
0.802886307239532 0.561161160469055 0
0.750647664070129 0.662178993225098 0
0.810758471488953 0.593949258327484 0
0.786780834197998 0.690656006336212 0
0.757160365581512 0.668259263038635 0
0.76680999994278 0.697254061698914 0
0.778806269168854 0.716497302055359 0
0.786780834197998 0.77972424030304 0
0.955332696437836 0.501084983348846 0
0.861574411392212 0.517859101295471 0
0.903357326984406 0.511967301368713 0
0.789332985877991 0.445329219102859 0
0.800718128681183 0.482484221458435 0
0.829983830451965 0.51876038312912 0
0.786780834197998 0.55667382478714 0
0.8074591755867 0.544355630874634 0
0.814622700214386 0.584547579288483 0
0.786780834197998 0.668259263038635 0
0.815855979919434 0.598510205745697 0
0.910892903804779 0.672896444797516 0
0.786780834197998 0.740075588226318 0
0.825199604034424 0.705414235591888 0
0.806193768978119 0.705414235591888 0
0.846205234527588 0.77972424030304 0
0 0.399815917015076 0
1 0.83523154258728 0
1 0.222399175167084 0
1 0.185244172811508 0
1 0.493780910968781 0
1 0.508347392082214 0
1 0.678308129310608 0
0 0.209024488925934 0
0 0.185244172811508 0
0 0.408174216747284 0
0 0.445329219102859 0
0 0.482484221458435 0
0 0.519639194011688 0
0 0.556794226169586 0
0 0.593949258327484 0
0 0.631104230880737 0
0 0.668259263038635 0
0 0.705414235591888 0
0 0.742569267749786 0
0 0.77972424030304 0
1 0.259554177522659 0
1 0.296709179878235 0
1 0.33386418223381 0
1 0.371019184589386 0
1 0.489680409431458 0
1 0.408174216747284 0
1 0.445329219102859 0
1 0.482484221458435 0
0.56998199224472 1 0
0.208650633692741 1 0
0.208650633692741 0 0
0.244783774018288 0 0
0.244783774018288 1 0
0.280916899442673 1 0
0.280916899442673 0 0
0.317050039768219 0 0
0.322202533483505 1 0
0.317050039768219 1 0
0.353183180093765 0 0
0.389316320419312 0 0
0.425449460744858 0 0
0.461582601070404 0 0
0.497715711593628 0 0
0.533848881721497 0 0
0.544172346591949 1 0
0.56998199224472 0 0
0.606115102767944 1 0
0.606115102767944 0 0
0.642248272895813 0 0
0.642248272895813 1 0
0.678381383419037 1 0
0.678381383419037 0 0
0.714514553546906 0 0
0.714514553546906 1 0
0.750647664070129 1 0
0.750647664070129 0 0
0.786780834197998 0 0
0.786780834197998 1 0
0 0 0
0 1 0
1 0 0
1 1 0
0.220347806811333 0.623074173927307 1
0.62355762720108 0.348258316516876 1
0.758517861366272 0.710369646549225 1
0.416431933641434 0.668259263038635 1
0.244783774018288 0.556794226169586 1
0.208650633692741 0.705414235591888 1
0.317050039768219 0.532081186771393 1
0.446689933538437 0.808017730712891 1
0.249095574021339 0.421454042196274 1
0.280916899442673 0.705414235591888 1
0.208650633692741 0.482484221458435 1
0.244783774018288 0.668259263038635 1
0.244783774018288 0.482484221458435 1
0.291404485702515 0.596276819705963 1
0.280916899442673 0.482484221458435 1
0.317050039768219 0.580224931240082 1
0.295032918453217 0.482484221458435 1
0.332401871681213 0.559931337833405 1
0.317050039768219 0.519639194011688 1
0.35205665230751 0.555730283260345 1
0.346556395292282 0.548461973667145 1
0.370072036981583 0.526776552200317 1
0.520178914070129 0.390802592039108 1
0.370665997266769 0.526528894901276 1
0.262547343969345 0.588317275047302 1
0.368075251579285 0.543945014476776 1
0.528336405754089 0.366241455078125 1
0.389316320419312 0.526237308979034 1
0.280916899442673 0.394520491361618 1
0.389316320419312 0.535811483860016 1
0.562809646129608 0.351448535919189 1
0.396115005016327 0.549237370491028 1
0.257837116718292 0.398170113563538 1
0.393933266401291 0.520546674728394 1
0.251177400350571 0.375801175832748 1
0.425449460744858 0.519639194011688 1
0.561549961566925 0.33386418223381 1
0.461582601070404 0.556794226169586 1
0.249934732913971 0.374619245529175 1
0.425449460744858 0.577727675437927 1
0.244347795844078 0.364326953887939 1
0.456448018550873 0.615735292434692 1
0.244180113077164 0.363593190908432 1
0.445799648761749 0.628410458564758 1
0.28138929605484 0.356729358434677 1
0.425449460744858 0.810411989688873 1
0.571577250957489 0.332860559225082 1
0.456563293933868 0.786985814571381 1
0.297449141740799 0.369545251131058 1
0.452126652002335 0.651565134525299 1
0.353183180093765 0.202256038784981 1
0.674987971782684 0.651400208473206 1
0.317050039768219 0.259554177522659 1
0.676015198230743 0.668259263038635 1
0.364309877157211 0.259554177522659 1
0.606115102767944 0.77972424030304 1
0.353183180093765 0.296709179878235 1
0.524455368518829 0.482484221458435 1
0.656610310077667 0.259554177522659 1
0.471778362989426 0.408174216747284 1
0.533848881721497 0.252328932285309 1
0.497715711593628 0.439391911029816 1
0.533848881721497 0.222399175167084 1
0.539940595626831 0.39457443356514 1
0.677281320095062 0.214799970388412 1
0.565347909927368 0.408701330423355 1
0.639065980911255 0.185244172811508 1
0.691674470901489 0.269096523523331 1
0.280916899442673 0.33386418223381 1
0.285019487142563 0.419597834348679 1
0.28306657075882 0.40601059794426 1
0.30371829867363 0.552201151847839 1
0.504384577274323 0.39493802189827 1
0.288788318634033 0.431538641452789 1
0.107275553047657 0.365746229887009 1
0.140251696109772 0.351204812526703 1
0.310146003961563 0.442889630794525 1
0.31550920009613 0.417415142059326 1
0.184610396623611 0.341700822114944 1
0.195992946624756 0.346738278865814 1
0.318862050771713 0.450344771146774 1
0.491345643997192 0.381836891174316 1
0.200177639722824 0.358301997184753 1
0.198059394955635 0.371019184589386 1
0.471603006124496 0.371019184589386 1
0.320924311876297 0.463832885026932 1
0.200994327664375 0.372919470071793 1
0.208330318331718 0.381625920534134 1
0.459173232316971 0.425714939832687 1
0.326968729496002 0.473710387945175 1
0.208650633692741 0.382362455129623 1
0.208650633692741 0.408174216747284 1
0.348330110311508 0.445329219102859 1
0.34905731678009 0.440787583589554 1
0.232667610049248 0.405633270740509 1
0.231585010886192 0.408174216747284 1
0.353183180093765 0.450412839651108 1
0.42517951130867 0.4713154733181 1
0.239553540945053 0.414747804403305 1
0.208650633692741 0.445329219102859 1
0.368631035089493 0.448045581579208 1
0.415556728839874 0.450258702039719 1
0.244783774018288 0.445329219102859 1
0.268345832824707 0.434715807437897 1
0.389316320419312 0.47252681851387 1
0.405675560235977 0.475715786218643 1
0.269917547702789 0.448648720979691 1
0.280916899442673 0.465324014425278 1
0.380390137434006 0.502650022506714 1
0.385838598012924 0.459046095609665 1
0.291583776473999 0.459719955921173 1
0.299120426177979 0.483602434396744 1
0.358090698719025 0.506924092769623 1
0.377859652042389 0.482484221458435 1
0.308692514896393 0.49028143286705 1
0.317050039768219 0.510761499404907 1
0.358102828264236 0.506937026977539 1
0.36279621720314 0.509574353694916 1
0.32007959485054 0.519639194011688 1
0.340796113014221 0.522605061531067 1
0.351884514093399 0.527909159660339 1
0.591840505599976 0.371019184589386 1
0.355628818273544 0.524514257907867 1
0.56998199224472 0.40108534693718 1
0.355396419763565 0.540082931518555 1
0.352432161569595 0.557776629924774 1
0.615973711013794 0.329963266849518 1
0.601891040802002 0.332933276891708 1
0.352628886699677 0.55795019865036 1
0.353183180093765 0.558732330799103 1
0.367109715938568 0.560178458690643 1
0.620125710964203 0.33998629450798 1
0.317050039768219 0.593949258327484 1
0.280916899442673 0.668259263038635 1
0.646046757698059 0.35243809223175 1
0.688816785812378 0.668259263038635 1
0.651656925678253 0.360553324222565 1
0.809413373470306 0.74452143907547 1
0.690177798271179 0.281317830085754 1
0.70636260509491 0.346225619316101 1
0.560113251209259 0.467994600534439 1
0.548732459545135 0.742884695529938 1
0.897098124027252 0.668259263038635 1
0.660035252571106 0.298884391784668 1
0.208650633692741 0.651141822338104 1
0.578000485897064 0.710901319980621 1
0.680602312088013 0.369048118591309 1
0.670046269893646 0.367403954267502 1
0.525768578052521 0.504538834095001 1
0.750647664070129 0.631104230880737 1
0.642248272895813 0.650211095809937 1
0.606115102767944 0.705414235591888 1
0.643508493900299 0.316414177417755 1
0.659656763076782 0.365541934967041 1
0.462265640497208 0.459975332021713 1
0.649238228797913 0.639223515987396 1
0.706712782382965 0.443074107170105 1
0.642248272895813 0.519639194011688 1
0.474272161722183 0.77424955368042 1
0.484953463077545 0.769815564155579 1
0.688942849636078 0.629327714443207 1
0.690383315086365 0.418072879314423 1
0.461582601070404 0.462265342473984 1
0.644179403781891 0.591437041759491 1
0.437811404466629 0.469847291707993 1
0.244783774018288 0.640340864658356 1
0.640787422657013 0.590841948986053 1
0.678381383419037 0.420704483985901 1
0.353183180093765 0.631104230880737 1
0.51332950592041 0.736887812614441 1
0.678381383419037 0.445329219102859 1
0.533848881721497 0.43566957116127 1
0.456037640571594 0.500883221626282 1
0.456509053707123 0.593949258327484 1
0.497715711593628 0.445329219102859 1
0.533621251583099 0.531040191650391 1
0.39852249622345 0.496437251567841 1
0.401475131511688 0.575093328952789 1
0.513817489147186 0.514988780021667 1
0.525788724422455 0.485302478075027 1
0.416758179664612 0.490360975265503 1
0.424513041973114 0.493596136569977 1
0.468984186649323 0.48040571808815 1
0.461582601070404 0.471595048904419 1
0.426264196634293 0.472748845815659 1
0.425574749708176 0.441663831472397 1
0.35021647810936 0.482484221458435 1
0.317050039768219 0.420574635267258 1
0.422255963087082 0.443774580955505 1
0.310617476701736 0.386934638023376 1
0.419111549854279 0.444636017084122 1
0.280916899442673 0.402973681688309 1
0.485721081495285 0.349104106426239 1
0.251726895570755 0.388352274894714 1
0.496279090642929 0.391735136508942 1
0.476094365119934 0.371793329715729 1
0.565222978591919 0.331478089094162 1
0.327381193637848 0.398637235164642 1
0.425449460744858 0.371019184589386 1
0.453973233699799 0.343123078346252 1
0.582844018936157 0.296032130718231 1
0.487770140171051 0.403156667947769 1
0.567514419555664 0.285178124904633 1
0.425449460744858 0.322071194648743 1
0.416500508785248 0.304512023925781 1
0.353183180093765 0.33386418223381 1
0.280916899442673 0.222399175167084 1
0.497715711593628 0.274297416210175 1
0.642248272895813 0.275040924549103 1
0.642248272895813 0.231292128562927 1
0.507529079914093 0.27092906832695 1
0.497715711593628 0.296709179878235 1
0.636240065097809 0.222399175167084 1
0.606115102767944 0.222399175167084 1
0.524172067642212 0.295520156621933 1
0.523904919624329 0.296709179878235 1
0.582136690616608 0.312413096427917 1
0.56998199224472 0.284154623746872 1
0.530900299549103 0.302172541618347 1
0.541126668453217 0.304248034954071 1
0.603097438812256 0.296709179878235 1
0.63106906414032 0.290780693292618 1
0.552123367786407 0.305315613746643 1
0.56428724527359 0.320311576128006 1
0.602348506450653 0.313175648450851 1
0.598273277282715 0.317951560020447 1
0.567472815513611 0.331599116325378 1
0.579997837543488 0.330667048692703 1
0.596648275852203 0.339792877435684 1
0.596771538257599 0.324176102876663 1
0.590464353561401 0.332428306341171 1
0.644559144973755 0.592458307743073 1
0.614271819591522 0.328931748867035 1
0.621450126171112 0.332620769739151 1
0.597536265850067 0.345849424600601 1
0.618325769901276 0.30411496758461 1
0.581503391265869 0.345977544784546 1
0.595517158508301 0.393606662750244 1
0.678381383419037 0.482484221458435 1
0.542090713977814 0.384417146444321 1
0.723910748958588 0.451483517885208 1
0.600907444953918 0.349675744771957 1
0.786780834197998 0.631104230880737 1
0.569055318832397 0.435017257928848 1
0.834666907787323 0.704577922821045 1
0.625598967075348 0.373736321926117 1
0.83240270614624 0.631104230880737 1
0.628873467445374 0.374907433986664 1
0.673443078994751 0.286428332328796 1
0.686865150928497 0.391764968633652 1
0.641802966594696 0.388901650905609 1
0.555911660194397 0.446152001619339 1
0.715536773204803 0.400617867708206 1
0.703631997108459 0.400738477706909 1
0.642248272895813 0.408174216747284 1
0.551626741886139 0.435583531856537 1
0.724547982215881 0.408026725053787 1
0.714514553546906 0.399134993553162 1
0.665017426013947 0.404894709587097 1
0.712781250476837 0.450589716434479 1
0.737088084220886 0.434242457151413 1
0.723889946937561 0.420599699020386 1
0.762177109718323 0.479128330945969 1
0.677708148956299 0.556794226169586 1
0.746521055698395 0.437356024980545 1
0.743835389614105 0.432614684104919 1
0.657254755496979 0.590156853199005 1
0.533848881721497 0.445329219102859 1
0.642248272895813 0.445329219102859 1
0.75245726108551 0.445044726133347 1
0.714514553546906 0.222399175167084 1
0.732733190059662 0.362446695566177 1
0.606115102767944 0.519639194011688 1
0.714514553546906 0.686749458312988 1
0.198762536048889 0.631104230880737 1
0.425449460744858 0.77972424030304 1
0.642248272895813 0.77972424030304 1
0.511914253234863 0.908556938171387 1
0.27473846077919 0.604427337646484 1
0.25067663192749 0.632978498935699 1
0.503288745880127 0.883682429790497 1
0.494975358247757 0.859138429164886 1
0.280916899442673 0.631104230880737 1
0.425449460744858 0.631104230880737 1
0.478801757097244 0.82627260684967 1
0.477081179618835 0.79296600818634 1
0.461582601070404 0.705414235591888 1
0.280916899442673 0.607932329177856 1
0.491534233093262 0.792525231838226 1
0.497715711593628 0.795123875141144 1
0.385034710168839 0.593949258327484 1
0.353183180093765 0.593949258327484 1
0.502072036266327 0.787939310073853 1
0.510291934013367 0.780899405479431 1
0.5226891040802 0.557966828346252 1
0.566960990428925 0.6677286028862 1
0.509349465370178 0.764159083366394 1
0.533145189285278 0.757867097854614 1
0.533848881721497 0.566177845001221 1
0.590698540210724 0.661374986171722 1
0.533848881721497 0.758227944374084 1
0.533848881721497 0.77972424030304 1
0.497715711593628 0.631104230880737 1
0.533848881721497 0.668259263038635 1
0.539982855319977 0.749363780021667 1
0.546065032482147 0.724318087100983 1
0.568109095096588 0.591144025325775 1
0.533848881721497 0.593949258327484 1
0.554800748825073 0.717824280261993 1
0.56998199224472 0.742569267749786 1
0.56998199224472 0.596459925174713 1
0.567786633968353 0.593949258327484 1
0.571216642856598 0.719461560249329 1
0.585513174533844 0.703112602233887 1
0.58915102481842 0.596079766750336 1
0.602709412574768 0.631104230880737 1
0.594955503940582 0.681624412536621 1
0.606115102767944 0.686740696430206 1
0.606115102767944 0.627756714820862 1
0.605159878730774 0.608976244926453 1
0.60882830619812 0.680569291114807 1
0.616132736206055 0.672560155391693 1
0.631962895393372 0.604799747467041 1
0.618205666542053 0.627527296543121 1
0.620485484600067 0.645683526992798 1
0.636511504650116 0.646908104419708 1
0.647855639457703 0.627433359622955 1
0.630602240562439 0.621499419212341 1
0.646537184715271 0.641779959201813 1
0.646582663059235 0.610343158245087 1
0.640974402427673 0.620148062705994 1
0.654210150241852 0.618418514728546 1
0.678381383419037 0.618084371089935 1
0.656863272190094 0.618408501148224 1
0.720135450363159 0.656425952911377 1
0.678381383419037 0.613876342773438 1
0.75581032037735 0.676434457302094 1
0.678638935089111 0.612796783447266 1
0.786780834197998 0.593949258327484 1
0.684350788593292 0.603101491928101 1
0.786750018596649 0.556794226169586 1
0.636275589466095 0.380678117275238 1
0.502251982688904 0.422293782234192 1
0.528616547584534 0.420654654502869 1
0.566521763801575 0.420330137014389 1
0.567283391952515 0.414674609899521 1
0.517793834209442 0.411584794521332 1
0.52247953414917 0.414108455181122 1
0.565208315849304 0.407427221536636 1
0.54684716463089 0.40198540687561 1
0.521392166614532 0.402391076087952 1
0.516958713531494 0.411554127931595 1
0.540469646453857 0.395685464143753 1
0.530405461788177 0.393160879611969 1
0.523781061172485 0.387113809585571 1
0.446928352117538 0.33750656247139 1
0.511415719985962 0.386945754289627 1
0.495872557163239 0.390031963586807 1
0.521477103233337 0.376642256975174 1
0.461582601070404 0.371019184589386 1
0.522491693496704 0.369147896766663 1
0.461582601070404 0.359647214412689 1
0.517305970191956 0.368082910776138 1
0.548752307891846 0.363046258687973 1
0.425338238477707 0.321123450994492 1
0.389316320419312 0.371019184589386 1
0.503274440765381 0.356790214776993 1
0.436765998601913 0.33386418223381 1
0.499679386615753 0.347640842199326 1
0.425449460744858 0.33386418223381 1
0.498364835977554 0.336156129837036 1
0.48917144536972 0.332739800214767 1
0.389316320419312 0.33386418223381 1
0.409006983041763 0.299354910850525 1
0.479221522808075 0.330098211765289 1
0.471561998128891 0.325111150741577 1
0.389316320419312 0.296709179878235 1
0.317050039768219 0.36971589922905 1
0.489397495985031 0.259554177522659 1
0.463114112615585 0.308100491762161 1
0.388680428266525 0.281677842140198 1
0.389316320419312 0.28552633523941 1
0.461582601070404 0.259554177522659 1
0.450702637434006 0.29514878988266 1
0.317050039768219 0.296709179878235 1
0.378928601741791 0.266002506017685 1
0.441243529319763 0.292004585266113 1
0.497715711593628 0.245612010359764 1
0.533471584320068 0.252441793680191 1
0.353183180093765 0.259554177522659 1
0.42922642827034 0.278649002313614 1
0.351917594671249 0.242339804768562 1
0.353183180093765 0.248170554637909 1
0.425449460744858 0.222399175167084 1
0.541966736316681 0.27223789691925 1
0.336052417755127 0.222399175167084 1
0.412337303161621 0.257451802492142 1
0.389316320419312 0.221233025193214 1
0.213986903429031 0.330423206090927 1
0.244783774018288 0.222399175167084 1
0.403373271226883 0.253800570964813 1
0.396719723939896 0.247783303260803 1
0.182492256164551 0.31290540099144 1
0.208650633692741 0.222399175167084 1
0.392376661300659 0.239399984478951 1
0.384862005710602 0.221433639526367 1
0.497715711593628 0.222399175167084 1
0.374076813459396 0.219647422432899 1
0.56998199224472 0.185244172811508 1
0.56998199224472 0.259554177522659 1
0.682412385940552 0.241420596837997 1
0.678381383419037 0.214682221412659 1
0.637215733528137 0.21985088288784 1
0.644091367721558 0.231050848960876 1
0.680371224880219 0.256986498832703 1
0.685161471366882 0.24693101644516 1
0.664308905601501 0.250284641981125 1
0.670343399047852 0.261896461248398 1
0.680053234100342 0.271708697080612 1
0.693605780601501 0.398401111364365 1
0.686972379684448 0.268320828676224 1
0.674043774604797 0.289217561483383 1
0.717154443264008 0.31180864572525 1
0.70331221818924 0.28945329785347 1
0.672383189201355 0.298384964466095 1
0.645571887493134 0.309945613145828 1
0.678381383419037 0.33386418223381 1
0.714514553546906 0.289761632680893 1
0.695464193820953 0.307862401008606 1
0.724743366241455 0.351792305707932 1
0.760239362716675 0.421811193227768 1
0.714514553546906 0.259554177522659 1
0.696737885475159 0.336371719837189 1
0.70903480052948 0.35948371887207 1
0.779821693897247 0.441356003284454 1
0.764321684837341 0.434378832578659 1
0.706071496009827 0.371019184589386 1
0.714514553546906 0.384159505367279 1
0.750647664070129 0.482484221458435 1
0.721068322658539 0.382724672555923 1
0.750647664070129 0.33386418223381 1
0.724814772605896 0.40826678276062 1
0.727205097675323 0.408852875232697 1
0.786780834197998 0.408174216747284 1
0.744345724582672 0.429593205451965 1
0.751139104366302 0.440833449363708 1
0.750647664070129 0.296709179878235 1
0.759109973907471 0.451497137546539 1
0.759146928787231 0.460724890232086 1
0.786780834197998 0.371019184589386 1
0.714514553546906 0.482484221458435 1
0.750647664070129 0.259554177522659 1
0.757371068000793 0.482484221458435 1
0.714514553546906 0.556794226169586 1
0.750647664070129 0.222399175167084 1
0.778310894966125 0.514928162097931 1
0.776084780693054 0.519639194011688 1
0.786780834197998 0.296709179878235 1
0.786780834197998 0.33386418223381 1
0.782775044441223 0.527308821678162 1
0.803267300128937 0.531841635704041 1
0.786780834197998 0.222399175167084 1
0.786780834197998 0.259554177522659 1
0.714514553546906 0.631104230880737 1
0.750647664070129 0.593949258327484 1
0.813209056854248 0.570673286914825 1
0.244783774018288 0.77972424030304 1
0.389316320419312 0.840257465839386 1
0.365978717803955 0.884055912494659 1
0.491268664598465 0.760759115219116 1
0.389316320419312 0.79021954536438 1
0.492622017860413 0.742569267749786 1
0.390565872192383 0.786800742149353 1
0.52849954366684 0.721463620662689 1
0.39436063170433 0.769894599914551 1
0.529793560504913 0.707091212272644 1
0.420080572366714 0.742569267749786 1
0.529535055160522 0.705414235591888 1
0.413691252470016 0.743330419063568 1
0.552128851413727 0.699252963066101 1
0.493217766284943 0.747080147266388 1
0.565610945224762 0.682041764259338 1
0.429063707590103 0.714322805404663 1
0.566243231296539 0.668259263038635 1
0.434525102376938 0.698445498943329 1
0.525427460670471 0.544000327587128 1
0.389316320419312 0.631104230880737 1
0.454498022794724 0.672277867794037 1
0.461582601070404 0.672620296478271 1
0.487916618585587 0.577415525913239 1
0.457619935274124 0.597209990024567 1
0.497715711593628 0.705414235591888 1
0.467497944831848 0.641805589199066 1
0.456640094518661 0.519639194011688 1
0.461582601070404 0.523080706596375 1
0.477172136306763 0.628528952598572 1
0.497715711593628 0.603562831878662 1
0.488336443901062 0.526231706142426 1
0.467278957366943 0.521320641040802 1
0.503052651882172 0.586759507656097 1
0.505809426307678 0.56921261548996 1
0.505804479122162 0.533634126186371 1
0.495777010917664 0.537989914417267 1
0.519577324390411 0.558463156223297 1
0.514321386814117 0.51672089099884 1
0.509320199489594 0.530409216880798 1
0.535003781318665 0.529488861560822 1
0.57107937335968 0.548228204250336 1
0.538111746311188 0.528518080711365 1
0.56998199224472 0.546089589595795 1
0.54385769367218 0.51570588350296 1
0.642248272895813 0.590270340442657 1
0.543832778930664 0.496441692113876 1
0.671053528785706 0.412452638149261 1
0.56998199224472 0.487170040607452 1
0.665467977523804 0.388849675655365 1
0.571773767471313 0.475193023681641 1
0.606115102767944 0.445329219102859 1
0.574911057949066 0.45788100361824 1
0.626063406467438 0.363128572702408 1
0.559250235557556 0.376918762922287 1
0.586471259593964 0.445768684148788 1
0.578770995140076 0.371019184589386 1
0.602496385574341 0.417163968086243 1
0.606115102767944 0.418021708726883 1
0.610049962997437 0.353169292211533 1
0.603255331516266 0.355812519788742 1
0.613263130187988 0.38531306385994 1
0.62555468082428 0.373652219772339 1
0.628121674060822 0.349947780370712 1
0.636228144168854 0.349829107522964 1
0.620565414428711 0.330754190683365 1
0.643304288387299 0.346112072467804 1
0.678381383419037 0.308564275503159 1
0.183890864253044 0.296279311180115 1
0.365612268447876 0.215484738349915 1
0.188746228814125 0.322592914104462 1
0.208650633692741 0.296709179878235 1
0.0530959703028202 0.222399175167084 1
0.216551542282104 0.343455821275711 1
0.146009132266045 0.259554177522659 1
0.184746071696281 0.296709179878235 1
0.203699916601181 0.324392408132553 1
0.233796194195747 0.389252036809921 1
0.16602997481823 0.343189686536789 1
0.0972205251455307 0.371019184589386 1
0.276149153709412 0.576117515563965 1
0.208650633692741 0.593949258327484 1
0.236667051911354 0.614465415477753 1
0.236667096614838 0.593949258327484 1
0.208650633692741 0.668259263038635 1
0.244783774018288 0.742569267749786 1
0.389128863811493 0.708918452262878 1
0.280916899442673 0.77972424030304 1
0.208650633692741 0.185244172811508 1
0.208650633692741 0.259554177522659 1
0.280916899442673 0.259554177522659 1
0.208650633692741 0.323118060827255 1
0.219361275434494 0.35626620054245 1
0.218532279133797 0.33386418223381 1
0.228882893919945 0.362990945577621 1
0.225390672683716 0.381515324115753 1
0.244783774018288 0.423213422298431 1
0.208650633692741 0.519639194011688 1
0.263600468635559 0.445329219102859 1
0.208650633692741 0.556794226169586 1
0.278233885765076 0.556794226169586 1
0.241783022880554 0.591052055358887 1
0.208650633692741 0.61843079328537 1
0.230981558561325 0.637126207351685 1
0.208650633692741 0.742569267749786 1
0.280916899442673 0.742569267749786 1
0.208650633692741 0.77972424030304 1
0.37404790520668 0.742569267749786 1
0.244783774018288 0.185244172811508 1
0.244783774018288 0.259554177522659 1
0.244783774018288 0.296709179878235 1
0.244783774018288 0.33386418223381 1
0.280916899442673 0.355244815349579 1
0.244783774018288 0.361487537622452 1
0.269410848617554 0.403034210205078 1
0.268481701612473 0.377145290374756 1
0.265778541564941 0.421685606241226 1
0.27756142616272 0.457075983285904 1
0.244783774018288 0.519639194011688 1
0.280916899442673 0.519639194011688 1
0.283433884382248 0.555570065975189 1
0.244783774018288 0.586851716041565 1
0.254733622074127 0.608165681362152 1
0.244783774018288 0.705414235591888 1
0.389316320419312 0.703698337078094 1
0.254733681678772 0.631104230880737 1
0.353183180093765 0.742569267749786 1
0.353183180093765 0.772030234336853 1
0.34864553809166 0.780170679092407 1
0.280916899442673 0.185244172811508 1
0.280916899442673 0.296709179878235 1
0.317050039768219 0.222399175167084 1
0.374197691679001 0.245185434818268 1
0.360894083976746 0.42206534743309 1
0.317871451377869 0.375460982322693 1
0.284790635108948 0.389567196369171 1
0.28561332821846 0.408174216747284 1
0.300478726625443 0.408174216747284 1
0.297163814306259 0.439302563667297 1
0.304685026407242 0.46319904923439 1
0.280916899442673 0.554927468299866 1
0.314824312925339 0.500079691410065 1
0.31598499417305 0.538237154483795 1
0.377814948558807 0.565829992294312 1
0.290686041116714 0.565153479576111 1
0.385747671127319 0.589353382587433 1
0.299152106046677 0.593949258327484 1
0.353183180093765 0.705414235591888 1
0.317050039768219 0.742569267749786 1
0.317050039768219 0.77972424030304 1
0.348475873470306 0.77972424030304 1
0.317050039768219 0.185244172811508 1
0.34760507941246 0.23392516374588 1
0.317050039768219 0.33386418223381 1
0.370989918708801 0.261301279067993 1
0.40619695186615 0.289401680231094 1
0.353183180093765 0.399835288524628 1
0.31820872426033 0.371019184589386 1
0.349698632955551 0.401555448770523 1
0.339817821979523 0.417183935642242 1
0.317050039768219 0.442658126354218 1
0.319425225257874 0.445329219102859 1
0.336995333433151 0.479977279901505 1
0.353183180093765 0.483184903860092 1
0.334949105978012 0.523095428943634 1
0.326700150966644 0.520027875900269 1
0.319007098674774 0.572404623031616 1
0.317050039768219 0.631104230880737 1
0.317050039768219 0.668259263038635 1
0.317050039768219 0.705414235591888 1
0.388257741928101 0.705414235591888 1
0.377950459718704 0.740515232086182 1
0.367387652397156 0.772492051124573 1
0.349070310592651 0.920274078845978 1
0.353183180093765 0.185244172811508 1
0.390344053506851 0.228650584816933 1
0.370110154151917 0.236540421843529 1
0.384825438261032 0.27279469370842 1
0.353183180093765 0.371019184589386 1
0.400750339031219 0.296709179878235 1
0.389316320419312 0.42578512430191 1
0.398309171199799 0.439321398735046 1
0.364554524421692 0.408174216747284 1
0.376209735870361 0.436058312654495 1
0.353183180093765 0.482484221458435 1
0.385055333375931 0.47864094376564 1
0.353820770978928 0.495437651872635 1
0.390108317136765 0.539325714111328 1
0.373931139707565 0.524288654327393 1
0.384027600288391 0.575554966926575 1
0.353183180093765 0.668259263038635 1
0.389316320419312 0.598573744297028 1
0.416618287563324 0.668142199516296 1
0.406802475452423 0.700580179691315 1
0.387286901473999 0.727030158042908 1
0.379981994628906 0.76101815700531 1
0.434923768043518 0.81130313873291 1
0.366829991340637 0.79139655828476 1
0.389316320419312 0.185244172811508 1
0.423611789941788 0.258736938238144 1
0.426668465137482 0.268437594175339 1
0.390476495027542 0.222399175167084 1
0.410264939069748 0.272404909133911 1
0.421944230794907 0.31176820397377 1
0.389316320419312 0.408174216747284 1
0.437825709581375 0.333997309207916 1
0.46117377281189 0.408174216747284 1
0.446976870298386 0.439771890640259 1
0.411275833845139 0.4708551466465 1
0.389316320419312 0.470895260572433 1
0.405254483222961 0.556308627128601 1
0.425449460744858 0.4947389960289 1
0.395760893821716 0.519639194011688 1
0.410921424627304 0.581886351108551 1
0.425449460744858 0.603726029396057 1
0.406663030385971 0.556794226169586 1
0.393007427453995 0.598128974437714 1
0.389316320419312 0.668259263038635 1
0.428767681121826 0.656393647193909 1
0.418069750070572 0.688287079334259 1
0.425449460744858 0.742569267749786 1
0.392968267202377 0.711288630962372 1
0.455788761377335 0.77972424030304 1
0.398535490036011 0.753223061561584 1
0.422651052474976 0.814052224159241 1
0.39721354842186 0.77972424030304 1
0.425449460744858 0.185244172811508 1
0.425449460744858 0.25859072804451 1
0.43408477306366 0.286504656076431 1
0.426486402750015 0.259554177522659 1
0.462008863687515 0.296401411294937 1
0.448921680450439 0.309803485870361 1
0.425449460744858 0.408174216747284 1
0.458960354328156 0.350846886634827 1
0.463870882987976 0.408174216747284 1
0.425449460744858 0.441621780395508 1
0.437117427587509 0.456916987895966 1
0.447318196296692 0.476457089185715 1
0.439265012741089 0.48919478058815 1
0.425449460744858 0.556794226169586 1
0.484643071889877 0.556145846843719 1
0.472761034965515 0.587308287620544 1
0.432075530290604 0.593949258327484 1
0.437856644392014 0.631104230880737 1
0.425449460744858 0.655253887176514 1
0.461582601070404 0.742569267749786 1
0.436563849449158 0.680455327033997 1
0.437998235225677 0.705414235591888 1
0.425449460744858 0.72566282749176 1
0.460594654083252 0.775511384010315 1
0.45390310883522 0.799911916255951 1
0.461582601070404 0.185244172811508 1
0.461582601070404 0.222399175167084 1
0.461582601070404 0.295878261327744 1
0.466192871332169 0.317778557538986 1
0.523857414722443 0.280476361513138 1
0.462367206811905 0.296709179878235 1
0.467872112989426 0.354551613330841 1
0.484752923250198 0.375757336616516 1
0.461582601070404 0.407849818468094 1
0.475588202476501 0.447406589984894 1
0.543951809406281 0.445329219102859 1
0.497715711593628 0.497362047433853 1
0.487590491771698 0.445329219102859 1
0.475410282611847 0.482484221458435 1
0.473286956548691 0.511817753314972 1
0.494933247566223 0.543249547481537 1
0.48325127363205 0.556794226169586 1
0.461582601070404 0.586490392684937 1
0.602616131305695 0.642507374286652 1
0.473613917827606 0.607083559036255 1
0.479295700788498 0.631104230880737 1
0.463276028633118 0.658448040485382 1
0.497715711593628 0.737613677978516 1
0.465156048536301 0.668259263038635 1
0.499453514814377 0.737939536571503 1
0.461582601070404 0.774090588092804 1
0.714514553546906 0.705414235591888 1
0.472837030887604 0.804215133190155 1
0.497715711593628 0.185244172811508 1
0.657067716121674 0.210130736231804 1
0.540561556816101 0.258620828390121 1
0.521082103252411 0.253196477890015 1
0.518309712409973 0.272279351949692 1
0.533848881721497 0.305889576673508 1
0.497715711593628 0.332946479320526 1
0.498525023460388 0.33386418223381 1
0.509149968624115 0.363604217767715 1
0.502815425395966 0.393730640411377 1
0.518927812576294 0.39251720905304 1
0.497715711593628 0.482484221458435 1
0.532679617404938 0.429324716329575 1
0.533469617366791 0.470795392990112 1
0.500748693943024 0.506599247455597 1
0.52328234910965 0.55033540725708 1
0.513527035713196 0.532150328159332 1
0.497936576604843 0.602850019931793 1
0.536482095718384 0.564733028411865 1
0.50549042224884 0.593949258327484 1
0.497715711593628 0.668259263038635 1
0.533848881721497 0.700774729251862 1
0.539335489273071 0.701450884342194 1
0.52301150560379 0.731395840644836 1
0.515600979328156 0.755035161972046 1
0.513071835041046 0.77972424030304 1
0.497715711593628 0.863674879074097 1
0.533848881721497 0.185244172811508 1
0.546092689037323 0.282295048236847 1
0.575205206871033 0.290571093559265 1
0.542178630828857 0.259554177522659 1
0.554608583450317 0.286608457565308 1
0.55984354019165 0.310670107603073 1
0.533848881721497 0.33386418223381 1
0.533848881721497 0.358094960451126 1
0.555495381355286 0.40596005320549 1
0.577826023101807 0.401934117078781 1
0.553678572177887 0.420651435852051 1
0.547613084316254 0.446352988481522 1
0.533848881721497 0.469146877527237 1
0.577675998210907 0.576012074947357 1
0.559766471385956 0.487029284238815 1
0.546016931533813 0.519639194011688 1
0.547000885009766 0.548095405101776 1
0.55935662984848 0.566770076751709 1
0.533848881721497 0.631104230880737 1
0.56998199224472 0.664148211479187 1
0.578908622264862 0.664635300636292 1
0.560887336730957 0.692783296108246 1
0.56998199224472 0.722713351249695 1
0.56998199224472 0.77972424030304 1
0.549645781517029 0.742569267749786 1
0.741162836551666 0.705414235591888 1
0.533848881721497 0.963079869747162 1
0.606115102767944 0.185244172811508 1
0.56998199224472 0.222399175167084 1
0.642213523387909 0.27533370256424 1
0.611876606941223 0.29559263586998 1
0.584652960300446 0.296709179878235 1
0.587799429893494 0.320459574460983 1
0.577882051467896 0.371366053819656 1
0.60245668888092 0.359393060207367 1
0.593092262744904 0.372860908508301 1
0.56998199224472 0.380059033632278 1
0.606115102767944 0.482484221458435 1
0.580862522125244 0.423057436943054 1
0.587741672992706 0.445329219102859 1
0.56998199224472 0.519639194011688 1
0.734241008758545 0.453423082828522 1
0.573485672473907 0.482484221458435 1
0.599734783172607 0.579339444637299 1
0.606115102767944 0.572292864322662 1
0.584942817687988 0.556794226169586 1
0.56998199224472 0.631104230880737 1
0.604966342449188 0.629253089427948 1
0.598601043224335 0.653999030590057 1
0.583065927028656 0.684779226779938 1
0.642248272895813 0.705414235591888 1
0.5866659283638 0.705414235591888 1
0.750647664070129 0.742569267749786 1
0.642248272895813 0.182837203145027 1
0.606115102767944 0.259554177522659 1
0.671535789966583 0.283907949924469 1
0.606115102767944 0.294361025094986 1
0.622342884540558 0.328380286693573 1
0.637873351573944 0.317393124103546 1
0.619053065776825 0.354107201099396 1
0.622655153274536 0.357202082872391 1
0.642248272895813 0.390203237533569 1
0.611932158470154 0.40374019742012 1
0.663921177387238 0.408174216747284 1
0.613637804985046 0.408174216747284 1
0.705643475055695 0.429017722606659 1
0.606115102767944 0.556794226169586 1
0.618179976940155 0.588382422924042 1
0.667242765426636 0.584988951683044 1
0.62906289100647 0.623279571533203 1
0.606115102767944 0.612301647663116 1
0.621029615402222 0.662002086639404 1
0.642248272895813 0.668259263038635 1
0.62419205904007 0.668259263038635 1
0.606115102767944 0.742569267749786 1
0.678381383419037 0.705414235591888 1
0.74348396062851 0.695931017398834 1
0.714514553546906 0.77972424030304 1
0.678381383419037 0.185244172811508 1
0.682395994663239 0.226862147450447 1
0.652698338031769 0.185244172811508 1
0.642248272895813 0.259554177522659 1
0.664366126060486 0.235690146684647 1
0.660118162631989 0.261546194553375 1
0.644242644309998 0.346140474081039 1
0.676088988780975 0.302782654762268 1
0.690293073654175 0.33386418223381 1
0.653900384902954 0.33386418223381 1
0.657186925411224 0.384229004383087 1
0.642248272895813 0.482484221458435 1
0.677608489990234 0.419331699609756 1
0.70633602142334 0.445329219102859 1
0.642248272895813 0.556794226169586 1
0.692776024341583 0.596278965473175 1
0.673608243465424 0.575985610485077 1
0.658555448055267 0.607276439666748 1
0.668599128723145 0.623287677764893 1
0.659967184066772 0.636940836906433 1
0.642248272895813 0.742569267749786 1
0.678381383419037 0.670119941234589 1
0.714514553546906 0.742569267749786 1
0.790917158126831 0.742569267749786 1
0.714514553546906 0.185244172811508 1
0.729731380939484 0.334783524274826 1
0.721241056919098 0.324374198913574 1
0.683884739875793 0.222399175167084 1
0.71022492647171 0.259554177522659 1
0.718441069126129 0.296612203121185 1
0.702068746089935 0.319195061922073 1
0.678381383419037 0.3665791451931 1
0.683410048484802 0.380830049514771 1
0.709177136421204 0.373980492353439 1
0.683300852775574 0.371019184589386 1
0.700200259685516 0.420683950185776 1
0.678381383419037 0.519639194011688 1
0.714514553546906 0.452815413475037 1
0.678381383419037 0.556369602680206 1
0.750647664070129 0.519639194011688 1
0.750647664070129 0.556794226169586 1
0.68002051115036 0.556794226169586 1
0.699346005916595 0.593949258327484 1
0.688040018081665 0.668259263038635 1
0.714514553546906 0.639970302581787 1
0.697280704975128 0.631104230880737 1
0.678381383419037 0.742569267749786 1
0.708063006401062 0.675520956516266 1
0.678381383419037 0.77972424030304 1
0.750647664070129 0.77972424030304 1
0.750647664070129 0.185244172811508 1
0.762536466121674 0.406119972467422 1
0.750647664070129 0.366120517253876 1
0.752300024032593 0.381999105215073 1
0.75482439994812 0.395329594612122 1
0.718541324138641 0.296709179878235 1
0.730438351631165 0.33386418223381 1
0.751437306404114 0.367855042219162 1
0.722521364688873 0.406934857368469 1
0.73932272195816 0.388353198766708 1
0.739526212215424 0.417386531829834 1
0.727860987186432 0.430859565734863 1
0.741653561592102 0.459180116653442 1
0.714514553546906 0.519639194011688 1
0.779120743274689 0.499965131282806 1
0.714514553546906 0.593949258327484 1
0.786780834197998 0.556848347187042 1
0.790666341781616 0.697738230228424 1
0.738757073879242 0.665189862251282 1
0.731630086898804 0.676462531089783 1
0.750647664070129 0.713464081287384 1
0.786780834197998 0.742569267749786 1
0.786780834197998 0.185244172811508 1
0.797379791736603 0.50559139251709 1
0.808585584163666 0.514671146869659 1
0.796366333961487 0.491521149873734 1
0.786780834197998 0.441714525222778 1
0.788910329341888 0.466038882732391 1
0.794953346252441 0.477646499872208 1
0.754142701625824 0.371019184589386 1
0.76574832201004 0.408174216747284 1
0.787786424160004 0.452022701501846 1
0.750647664070129 0.478338301181793 1
0.775162637233734 0.458203703165054 1
0.771785616874695 0.488990157842636 1
0.786780834197998 0.538265824317932 1
0.802886307239532 0.561161160469055 1
0.750647664070129 0.662178993225098 1
0.810758471488953 0.593949258327484 1
0.786780834197998 0.690656006336212 1
0.757160365581512 0.668259263038635 1
0.76680999994278 0.697254061698914 1
0.778806269168854 0.716497302055359 1
0.786780834197998 0.77972424030304 1
0.955332696437836 0.501084983348846 1
0.861574411392212 0.517859101295471 1
0.903357326984406 0.511967301368713 1
0.789332985877991 0.445329219102859 1
0.800718128681183 0.482484221458435 1
0.829983830451965 0.51876038312912 1
0.786780834197998 0.55667382478714 1
0.8074591755867 0.544355630874634 1
0.814622700214386 0.584547579288483 1
0.786780834197998 0.668259263038635 1
0.815855979919434 0.598510205745697 1
0.910892903804779 0.672896444797516 1
0.786780834197998 0.740075588226318 1
0.825199604034424 0.705414235591888 1
0.806193768978119 0.705414235591888 1
0.846205234527588 0.77972424030304 1
0 0.399815917015076 1
1 0.83523154258728 1
1 0.222399175167084 1
1 0.185244172811508 1
1 0.493780910968781 1
1 0.508347392082214 1
1 0.678308129310608 1
0 0.209024488925934 1
0 0.185244172811508 1
0 0.408174216747284 1
0 0.445329219102859 1
0 0.482484221458435 1
0 0.519639194011688 1
0 0.556794226169586 1
0 0.593949258327484 1
0 0.631104230880737 1
0 0.668259263038635 1
0 0.705414235591888 1
0 0.742569267749786 1
0 0.77972424030304 1
1 0.259554177522659 1
1 0.296709179878235 1
1 0.33386418223381 1
1 0.371019184589386 1
1 0.489680409431458 1
1 0.408174216747284 1
1 0.445329219102859 1
1 0.482484221458435 1
0.56998199224472 1 1
0.208650633692741 1 1
0.208650633692741 0 1
0.244783774018288 0 1
0.244783774018288 1 1
0.280916899442673 1 1
0.280916899442673 0 1
0.317050039768219 0 1
0.322202533483505 1 1
0.317050039768219 1 1
0.353183180093765 0 1
0.389316320419312 0 1
0.425449460744858 0 1
0.461582601070404 0 1
0.497715711593628 0 1
0.533848881721497 0 1
0.544172346591949 1 1
0.56998199224472 0 1
0.606115102767944 1 1
0.606115102767944 0 1
0.642248272895813 0 1
0.642248272895813 1 1
0.678381383419037 1 1
0.678381383419037 0 1
0.714514553546906 0 1
0.714514553546906 1 1
0.750647664070129 1 1
0.750647664070129 0 1
0.786780834197998 0 1
0.786780834197998 1 1
0 0 1
0 1 1
1 0 1
1 1 1
</DataArray>
</Points>
<Cells>
<DataArray type="Int32" Name="connectivity" format="ascii">
485 761 175 1507 1783 1197 830 829 235 1852 1851 1257 17 632 71 608 1039 1654 1093 1630 154 673 88 726 1176 1695 1110 1748 61 59 201 342 1083 1081 1223 1364 425 221 801 143 1447 1243 1823 1165 75 402 536 544 1097 1424 1558 1566 78 544 536 542 1100 1566 1558 1564 558 560 87 86 1580 1582 1109 1108 561 40 38 543 1583 1062 1060 1565 73 604 583 106 1095 1626 1605 1128 85 89 114 111 1107 1111 1136 1133 89 628 607 114 1111 1650 1629 1136 186 115 607 628 1208 1137 1629 1650 629 652 631 118 1651 1674 1653 1140 21 124 120 122 1043 1146 1142 1144 653 31 609 130 1675 1053 1631 1152 31 676 655 609 1053 1698 1677 1631 873 957 244 137 1895 1979 1266 1159 956 942 917 958 1978 1964 1939 1980 894 334 897 135 1916 1356 1919 1157 210 748 388 749 1232 1770 1410 1771 219 776 202 222 1241 1798 1224 1244 774 200 223 777 1796 1222 1245 1799 127 228 230 229 1149 1250 1252 1251 1 831 525 131 1023 1853 1547 1153 529 530 519 832 1551 1552 1541 1854 134 136 341 247 1156 1158 1363 1269 136 153 250 341 1158 1175 1272 1363 419 862 513 249 1441 1884 1535 1271 252 908 837 885 1274 1930 1859 1907 281 7 716 284 1303 1029 1738 1306 284 716 47 744 1306 1738 1069 1766 293 292 159 469 1315 1314 1181 1491 297 769 741 169 1319 1791 1763 1191 141 304 768 473 1163 1326 1790 1495 145 312 479 793 1167 1334 1501 1815 321 320 299 820 1343 1342 1321 1842 329 331 326 330 1351 1353 1348 1352 337 266 840 339 1359 1288 1862 1361 339 840 866 865 1361 1862 1888 1887 349 780 757 343 1371 1802 1779 1365 352 349 343 347 1374 1371 1365 1369 22 356 358 354 1044 1378 1380 1376 362 357 81 753 1384 1379 1103 1775 366 753 81 724 1388 1775 1103 1746 368 366 724 195 1390 1388 1746 1217 375 374 699 199 1397 1396 1721 1221 720 375 199 355 1742 1397 1221 1377 379 720 355 671 1401 1742 1377 1693 386 383 364 669 1408 1405 1386 1691 694 386 669 204 1716 1408 1691 1226 390 694 204 373 1412 1716 1226 1395 400 396 380 643 1422 1418 1402 1665 401 400 643 385 1423 1422 1665 1407 404 401 385 620 1426 1423 1407 1642 535 407 391 618 1557 1429 1413 1640 50 535 618 395 1072 1557 1640 1417 851 410 416 854 1873 1432 1438 1876 420 418 417 414 1442 1440 1439 1436 875 429 433 139 1897 1451 1455 1161 904 901 910 442 1926 1923 1932 1464 931 927 262 933 1953 1949 1284 1955 925 923 455 914 1947 1945 1477 1936 460 949 945 951 1482 1971 1967 1973 936 946 944 465 1958 1968 1966 1487 594 663 468 639 1616 1685 1490 1661 478 689 637 660 1500 1711 1659 1682 495 41 490 736 1517 1063 1512 1758 503 500 706 732 1525 1522 1728 1754 510 148 179 512 1532 1170 1201 1534 521 518 251 243 1543 1540 1273 1265 527 834 237 807 1549 1856 1259 1829 15 132 612 610 1037 1154 1634 1632 470 467 468 663 1492 1489 1490 1685 686 476 687 714 1708 1498 1709 1736 1 529 832 831 1023 1551 1854 1853 935 460 951 950 1957 1482 1973 1972 990 554 968 1018 2012 1576 1990 2040 403 555 540 538 1425 1577 1562 1560 969 91 99 970 1991 1113 1121 1992 970 99 10 971 1992 1121 1032 1993 971 10 563 972 1993 1032 1585 1994 972 563 565 973 1994 1585 1587 1995 973 565 547 974 1995 1587 1569 1996 976 550 5 977 1998 1572 1027 1999 977 5 570 978 1999 1027 1592 2000 978 570 572 979 2000 1592 1594 2001 1019 979 572 989 2041 2001 1594 2011 991 574 554 990 2013 1596 1576 2012 989 572 466 992 2011 1594 1488 2014 994 595 574 991 2016 1617 1596 2013 578 579 577 68 1600 1601 1599 1090 992 466 553 993 2014 1488 1575 2015 995 617 595 994 2017 1639 1617 2016 993 553 615 997 2015 1575 1637 2019 998 640 617 995 2020 1662 1639 2017 999 664 640 998 2021 1686 1662 2020 1000 692 664 999 2022 1714 1686 2021 1001 717 692 1000 2023 1739 1714 2022 367 369 203 697 1389 1391 1225 1719 1002 745 717 1001 2024 1767 1739 2023 756 728 731 730 1778 1750 1753 1752 1003 772 745 1002 2025 1794 1767 2024 1005 408 772 1003 2027 1430 1794 2025 1007 799 408 1005 2029 1821 1430 2027 988 795 55 1006 2010 1817 1077 2028 1006 55 276 1009 2028 1077 1298 2031 1009 276 898 1010 2031 1298 1920 2032 1012 874 850 1011 2034 1896 1872 2033 453 915 892 891 1475 1937 1914 1913 1010 898 849 1013 2032 1920 1871 2035 1015 900 874 1012 2037 1922 1896 2034 1013 849 899 1014 2035 1871 1921 2036 1016 922 900 1015 2038 1944 1922 2037 142 953 242 246 1164 1975 1264 1268 1020 963 922 1016 2042 1985 1944 2038 962 461 922 963 1984 1483 1944 1985 980 462 461 962 2002 1484 1483 1984 981 457 462 980 2003 1479 1484 2002 982 458 457 981 2004 1480 1479 2003 983 449 458 982 2005 1471 1480 2004 985 443 449 983 2007 1465 1471 2005 1014 899 943 1017 2036 1921 1965 2039 574 399 403 554 1596 1421 1425 1576 399 575 555 403 1421 1597 1577 1425 575 576 537 555 1597 1598 1559 1577 102 12 10 99 1124 1034 1032 1121 12 584 563 10 1034 1606 1585 1032 4 565 563 584 1026 1587 1585 1606 11 589 5 550 1033 1611 1027 1572 589 551 570 5 1611 1573 1592 1027 551 466 572 570 1573 1488 1594 1592 206 399 574 595 1228 1421 1596 1617 206 556 575 399 1228 1578 1597 1421 556 596 576 575 1578 1618 1598 1597 68 577 576 596 1090 1599 1598 1618 14 585 584 12 1036 1607 1606 1034 133 9 589 11 1155 1031 1611 1033 9 571 551 589 1031 1593 1573 1611 553 466 551 571 1575 1488 1573 1593 597 206 595 617 1619 1228 1617 1639 597 52 556 206 1619 1074 1578 1228 52 384 596 556 1074 1406 1618 1578 384 619 68 596 1406 1641 1090 1618 633 634 133 282 1655 1656 1155 1304 635 9 133 634 1657 1031 1155 1656 614 571 9 635 1636 1593 1031 1657 615 553 571 614 1637 1575 1593 1636 389 56 384 52 1411 1078 1406 1074 56 205 619 384 1078 1227 1641 1406 291 168 633 132 1313 1190 1655 1154 656 634 633 168 1678 1656 1655 1190 613 635 634 656 1635 1657 1656 1678 592 614 635 613 1614 1636 1657 1635 376 372 205 56 1398 1394 1227 1078 372 365 644 205 1394 1387 1666 1227 683 656 168 486 1705 1678 1190 1508 369 198 365 372 1391 1220 1387 1394 698 670 365 198 1720 1692 1387 1220 718 393 692 717 1740 1415 1714 1739 406 718 717 745 1428 1740 1739 1767 772 62 406 745 1794 1084 1428 1767 303 765 302 790 1325 1787 1324 1812 800 62 772 408 1822 1084 1794 1430 213 800 408 799 1235 1822 1430 1821 213 826 409 800 1235 1848 1431 1822 846 55 795 309 1868 1077 1817 1331 268 861 809 517 1290 1883 1831 1539 861 157 272 809 1883 1179 1294 1831 864 838 272 157 1886 1860 1294 1179 822 870 846 151 1844 1892 1868 1173 870 276 55 846 1892 1298 1077 1868 170 238 861 268 1192 1260 1883 1290 238 886 157 861 1260 1908 1179 1883 847 896 870 822 1869 1918 1892 1844 896 898 276 870 1918 1920 1298 1892 450 913 886 238 1472 1935 1908 1260 743 872 896 847 1765 1894 1918 1869 872 849 898 896 1894 1871 1920 1918 900 454 270 874 1922 1476 1292 1896 454 451 431 270 1476 1473 1453 1292 438 889 913 450 1460 1911 1935 1472 889 890 453 913 1911 1912 1475 1935 890 464 915 453 1912 1486 1937 1475 464 149 463 915 1486 1171 1485 1937 824 899 849 872 1846 1921 1871 1894 922 461 454 900 1944 1483 1476 1922 461 462 451 454 1483 1484 1473 1476 462 457 446 451 1484 1479 1468 1473 457 458 440 446 1479 1480 1462 1468 338 242 149 464 1360 1264 1171 1486 921 943 899 824 1943 1965 1921 1846 144 274 568 0 569 1166 1296 1590 1022 1591 279 165 569 0 548 1301 1187 1591 1022 1570 278 588 567 587 24 1300 1610 1589 1609 1046 13 287 278 24 546 1035 1309 1300 1046 1568 632 15 610 586 71 1654 1037 1632 1608 1093 33 27 654 117 108 1055 1049 1676 1139 1130 176 651 104 105 180 1198 1673 1126 1127 1202 154 162 702 185 673 1176 1184 1724 1207 1695 346 351 72 755 350 1368 1373 1094 1777 1372 239 26 779 363 520 1261 1048 1801 1385 1542 805 808 520 363 30 1827 1830 1542 1385 1052 225 224 232 127 229 1247 1246 1254 1149 1251 855 417 418 248 827 1877 1439 1440 1270 1849 67 420 414 415 878 1089 1442 1436 1437 1900 74 534 541 402 75 1096 1556 1563 1424 1097 557 398 79 78 542 1579 1420 1101 1100 1564 559 539 82 79 398 1581 1561 1104 1101 1420 539 558 86 83 82 1561 1580 1108 1105 1104 34 193 94 543 38 1056 1215 1116 1565 1060 193 32 98 95 94 1215 1054 1120 1117 1116 8 562 98 32 580 1030 1584 1120 1054 1602 191 70 582 8 580 1213 1092 1604 1030 1602 602 69 103 582 70 1624 1091 1125 1604 1092 69 73 106 564 103 1091 1095 1128 1586 1125 110 107 583 604 76 1132 1129 1605 1626 1098 80 85 111 16 605 1102 1107 1133 1038 1627 112 119 630 631 652 1134 1141 1652 1653 1674 112 116 122 120 119 1134 1138 1144 1142 1141 681 177 611 655 676 1703 1199 1633 1677 1698 708 680 682 679 39 1730 1702 1704 1701 1061 939 917 942 2 941 1961 1939 1964 1024 1963 919 273 897 334 918 1941 1295 1919 1356 1940 332 160 51 869 868 1354 1182 1073 1891 1890 322 842 319 839 166 1344 1864 1341 1861 1188 816 839 319 314 815 1838 1861 1341 1336 1837 817 785 306 789 507 1839 1807 1328 1811 1529 509 507 789 763 788 1531 1529 1811 1785 1810 728 759 497 498 731 1750 1781 1519 1520 1753 183 182 172 704 703 1205 1204 1194 1726 1725 674 101 190 188 97 1696 1123 1212 1210 1119 101 675 109 647 190 1123 1697 1131 1669 1212 646 647 109 100 649 1668 1669 1131 1122 1671 625 187 77 197 624 1647 1209 1099 1219 1646 600 197 77 603 189 1622 1219 1099 1625 1211 601 28 581 44 48 1623 1050 1603 1066 1070 210 207 378 387 748 1232 1229 1400 1409 1770 60 747 721 749 388 1082 1769 1743 1771 1410 775 394 214 721 747 1797 1416 1236 1743 1769 394 773 218 215 214 1416 1795 1240 1237 1236 219 750 218 773 776 1241 1772 1240 1795 1798 217 774 777 222 202 1239 1796 1799 1244 1224 216 804 227 46 226 1238 1826 1249 1068 1248 225 229 230 227 804 1247 1251 1252 1249 1826 860 833 250 153 147 1882 1855 1272 1175 1169 881 146 515 860 147 1903 1168 1537 1882 1169 884 882 258 515 146 1906 1904 1280 1537 1168 882 249 513 835 258 1904 1271 1535 1857 1280 161 167 862 419 253 1183 1189 1884 1441 1275 257 252 885 161 253 1279 1274 1907 1183 1275 261 911 259 863 156 1283 1933 1281 1885 1178 240 887 259 911 260 1262 1909 1281 1933 1282 240 260 265 264 813 1262 1282 1287 1286 1835 813 264 445 269 912 1835 1286 1467 1291 1934 932 912 269 447 448 1954 1934 1291 1469 1470 280 277 690 45 662 1302 1299 1712 1067 1684 771 280 662 7 281 1793 1302 1684 1029 1303 285 744 47 688 715 1307 1766 1069 1710 1737 288 285 715 742 158 1310 1307 1737 1764 1180 292 289 288 158 159 1314 1311 1310 1180 1181 770 293 469 480 296 1792 1315 1491 1502 1318 304 300 297 169 768 1326 1322 1319 1191 1790 796 141 473 475 305 1818 1163 1495 1497 1327 312 794 308 767 479 1334 1816 1330 1789 1501 823 145 793 481 313 1845 1167 1815 1503 1335 313 481 483 295 821 1335 1503 1505 1317 1843 316 821 295 791 792 1338 1843 1317 1813 1814 320 317 316 792 299 1342 1339 1338 1814 1321 845 321 820 735 843 1867 1343 1842 1757 1865 324 843 735 315 819 1346 1865 1757 1337 1841 325 324 819 318 323 1347 1346 1841 1340 1345 328 150 325 323 841 1350 1172 1347 1345 1863 867 333 331 329 231 1889 1355 1353 1351 1253 255 782 65 345 344 1277 1804 1087 1367 1366 755 22 354 353 350 1777 1044 1376 1375 1372 370 368 195 84 192 1392 1390 1217 1106 1214 723 361 699 374 371 1745 1383 1721 1396 1393 666 390 373 645 621 1688 1412 1395 1667 1643 396 665 668 381 380 1418 1687 1690 1403 1402 641 404 620 54 598 1663 1426 1642 1076 1620 642 392 391 407 405 1664 1414 1413 1429 1427 852 746 412 66 825 1874 1768 1434 1088 1847 138 423 857 424 421 1160 1445 1879 1446 1443 905 422 880 428 879 1927 1444 1902 1450 1901 422 876 432 858 880 1444 1898 1454 1880 1902 906 875 139 432 876 1928 1897 1161 1454 1898 429 271 883 436 433 1451 1293 1905 1458 1455 929 903 909 439 907 1951 1925 1931 1461 1929 930 430 444 910 901 1952 1452 1466 1932 1923 435 434 447 269 445 1457 1456 1469 1291 1467 927 928 934 452 262 1949 1950 1956 1474 1284 948 925 914 934 928 1970 1947 1936 1956 1950 923 924 459 456 455 1945 1946 1481 1478 1477 460 935 459 924 949 1482 1957 1481 1946 1971 964 952 465 944 984 1986 1974 1487 1966 2006 965 954 938 952 964 1987 1976 1960 1974 1986 472 638 661 474 691 1494 1660 1683 1496 1713 474 661 573 637 689 1496 1683 1595 1659 1711 476 478 660 552 687 1498 1500 1682 1574 1709 713 482 659 685 484 1735 1504 1681 1707 1506 484 685 3 658 712 1506 1707 1025 1680 1734 487 712 658 710 684 1509 1734 1680 1732 1706 492 738 49 709 43 1514 1760 1071 1731 1065 737 492 43 41 495 1759 1514 1065 1063 1517 762 707 489 499 764 1784 1729 1511 1521 1786 500 499 489 733 706 1522 1521 1511 1755 1728 761 505 504 506 175 1783 1527 1526 1528 1197 512 179 57 758 786 1534 1201 1079 1780 1808 518 516 140 783 251 1540 1538 1162 1805 1273 975 274 144 550 976 1997 1296 1166 1572 1998 549 548 0 568 547 1571 1570 1022 1590 1569 566 546 24 587 4 1588 1568 1046 1609 1026 287 282 591 588 278 1309 1304 1613 1610 1300 27 29 25 23 654 1049 1051 1047 1045 1676 638 593 592 573 661 1660 1615 1614 1595 1683 101 674 105 104 675 1123 1696 1127 1126 1697 659 590 683 3 685 1681 1612 1705 1025 1707 162 183 703 164 702 1184 1205 1725 1186 1724 283 709 49 684 710 1305 1731 1071 1706 1732 61 174 729 700 59 1083 1196 1751 1722 1081 37 733 489 707 734 1059 1755 1511 1729 1756 496 302 737 495 736 1518 1324 1759 1517 1758 72 754 356 22 755 1094 1776 1378 1044 1777 485 760 501 505 761 1507 1782 1523 1527 1783 36 30 363 779 778 1058 1052 1385 1801 1800 727 783 140 784 267 1749 1805 1162 1806 1289 794 309 796 305 308 1816 1331 1818 1327 1330 524 517 811 810 523 1546 1539 1833 1832 1545 1011 850 852 825 1008 2033 1872 1874 1847 2030 58 855 827 208 853 1080 1877 1849 1230 1875 335 332 868 333 867 1357 1354 1890 1355 1889 986 947 926 443 985 2008 1969 1948 1465 2007 1017 943 959 961 1021 2039 1965 1981 1983 2043 968 554 403 538 967 1990 1576 1425 1560 1989 555 537 541 534 540 1577 1559 1563 1556 1562 974 547 568 274 975 1996 1569 1590 1296 1997 165 11 550 144 569 1187 1033 1572 1166 1591 16 14 107 110 605 1038 1036 1129 1132 1627 205 644 623 377 619 1227 1666 1645 1399 1641 54 389 392 642 598 1076 1411 1414 1664 1620 670 648 622 644 365 1692 1670 1644 1666 1387 670 646 649 599 648 1692 1668 1671 1621 1670 657 486 168 291 290 1679 1508 1190 1313 1312 692 393 667 397 664 1714 1415 1689 1419 1686 645 376 381 668 621 1667 1398 1403 1690 1643 705 39 679 177 681 1727 1061 1701 1199 1703 680 283 486 657 682 1702 1305 1508 1679 1704 382 695 693 393 718 1404 1717 1715 1415 1740 493 35 677 704 172 1515 1057 1699 1726 1194 494 37 705 35 493 1516 1059 1727 1057 1515 84 359 361 723 192 1106 1381 1383 1745 1214 727 267 171 782 255 1749 1289 1193 1804 1277 509 788 508 787 812 1531 1810 1530 1809 1834 310 818 790 307 311 1332 1840 1812 1329 1333 1004 798 301 795 988 2026 1820 1323 1817 2010 838 816 815 785 817 1860 1838 1837 1807 1839 1008 825 66 799 1007 2030 1847 1088 1821 2029 212 213 799 66 412 1234 1235 1821 1088 1434 209 853 826 213 212 1231 1875 1848 1235 1234 850 411 64 746 852 1872 1433 1086 1768 1874 871 847 822 844 53 1893 1869 1844 1866 1075 874 270 877 411 850 1896 1292 1899 1433 1872 858 426 533 428 880 1880 1448 1555 1450 1902 913 453 891 888 886 1935 1475 1913 1910 1908 463 894 135 893 895 1485 1916 1157 1915 1917 797 743 273 919 848 1819 1765 1295 1941 1870 920 824 872 743 797 1942 1846 1894 1765 1819 916 338 464 890 340 1938 1360 1486 1912 1362 953 940 937 149 242 1975 1962 1959 1171 1264 939 941 336 940 953 1961 1963 1358 1962 1975 246 242 338 938 954 1268 1264 1360 1960 1976 873 921 956 958 957 1895 1943 1978 1980 1979 959 943 921 873 137 1981 1965 1943 1895 1159 606 566 4 584 585 1628 1588 1026 1606 1607 640 50 395 597 617 1662 1072 1417 1619 1639 593 616 615 614 592 1615 1638 1637 1636 1614 590 636 613 656 683 1612 1658 1635 1678 1705 359 725 672 698 198 1381 1747 1694 1720 1220 406 387 378 382 718 1428 1409 1400 1404 1740 491 286 488 740 765 1513 1308 1510 1762 1787 739 471 711 286 491 1761 1493 1733 1308 1513 766 477 491 765 303 1788 1499 1513 1787 1325 809 272 812 514 814 1831 1294 1834 1536 1836 254 268 517 524 836 1276 1290 1539 1546 1858 886 888 263 864 157 1908 1910 1285 1886 1179 591 279 548 549 567 588 1613 1301 1570 1571 1589 1610 125 17 608 6 20 19 1147 1039 1630 1028 1042 1041 124 19 20 630 119 120 1146 1041 1042 1652 1141 1142 654 23 21 122 116 117 1676 1045 1043 1144 1138 1139 678 33 108 113 651 176 1700 1055 1130 1135 1673 1198 181 180 105 674 97 184 1203 1202 1127 1696 1119 1206 726 88 672 725 700 729 1748 1110 1694 1747 1722 1751 351 342 201 194 754 72 1373 1364 1223 1216 1776 1094 234 236 46 227 230 228 1256 1258 1068 1249 1252 1250 425 152 830 235 802 221 1447 1174 1852 1257 1824 1243 561 90 87 560 42 40 1583 1112 1109 1582 1064 1062 627 80 605 110 76 626 1649 1102 1627 1132 1098 1648 29 653 130 129 128 25 1051 1675 1152 1151 1150 1047 682 657 290 611 177 679 1704 1679 1312 1633 1199 1701 2 920 797 848 336 941 1024 1942 1819 1870 1358 1963 940 336 848 919 918 937 1962 1358 1870 1941 1940 1959 893 871 53 51 160 895 1915 1893 1075 1073 1182 1917 155 326 331 333 868 869 1177 1348 1353 1355 1890 1891 314 310 311 306 785 815 1336 1332 1333 1328 1807 1837 704 677 181 184 164 703 1726 1699 1203 1206 1186 1725 100 96 92 93 599 649 1122 1118 1114 1115 1621 1671 648 599 93 625 624 622 1670 1621 1115 1647 1646 1644 623 600 189 601 48 377 1645 1622 1211 1623 1070 1399 803 216 226 196 223 200 1825 1238 1248 1218 1245 1222 241 234 228 127 232 126 1263 1256 1250 1149 1254 1148 441 261 156 837 908 256 1463 1283 1178 1859 1930 1278 296 480 471 739 741 769 1318 1502 1493 1761 1763 1791 305 475 477 766 767 308 1327 1497 1499 1788 1789 1330 155 328 841 327 330 326 1177 1350 1863 1349 1352 1348 337 335 867 231 163 266 1359 1357 1889 1253 1185 1288 865 866 263 888 891 892 1887 1888 1285 1910 1913 1914 783 727 255 344 243 251 1805 1749 1277 1366 1265 1273 780 348 65 782 171 757 1802 1370 1087 1804 1193 1779 63 352 347 346 350 353 1085 1374 1369 1368 1372 1375 752 370 192 723 371 751 1774 1392 1214 1745 1393 1773 722 379 671 367 697 696 1744 1401 1693 1389 1719 1718 719 696 697 203 364 383 1741 1718 1719 1225 1386 1405 695 666 621 668 665 693 1717 1688 1643 1690 1687 1715 667 641 598 642 405 397 1689 1663 1620 1664 1427 1419 413 209 212 412 746 64 1435 1231 1234 1434 1768 1086 877 851 854 413 64 411 1899 1873 1876 1435 1086 1433 67 138 421 248 418 420 1089 1160 1443 1270 1440 1442 427 879 428 533 857 423 1449 1901 1450 1555 1879 1445 902 907 439 437 883 271 1924 1929 1461 1459 1905 1293 903 904 442 441 256 909 1925 1926 1464 1463 1278 1931 430 435 445 264 265 444 1452 1457 1467 1286 1287 1466 966 955 142 246 954 965 1988 1977 1164 1268 1976 1987 740 488 487 684 49 738 1762 1510 1509 1706 1071 1760 294 503 732 502 501 760 1316 1525 1754 1524 1523 1782 811 521 243 344 345 810 1833 1543 1265 1366 1367 1832 836 524 523 781 237 834 1858 1546 1545 1803 1259 1856 245 527 807 121 806 528 1267 1549 1829 1143 1828 1550 529 1 131 233 532 530 1551 1023 1153 1255 1554 1552 627 626 187 625 93 92 1649 1648 1209 1647 1115 1114 18 118 631 630 20 6 1040 1140 1653 1652 1042 1028 997 615 616 594 639 996 2019 1637 1638 1616 1661 2018 677 35 678 176 180 181 1699 1057 1700 1198 1202 1203 672 88 673 185 701 698 1694 1110 1695 1207 1723 1720 286 713 484 712 487 488 1308 1735 1506 1734 1509 1510 300 301 770 296 769 297 1322 1323 1792 1318 1791 1319 514 812 787 510 512 786 1536 1834 1809 1532 1534 1808 216 803 220 224 225 804 1238 1825 1242 1246 1247 1826 317 151 823 313 821 316 1339 1173 1845 1335 1843 1338 327 841 323 318 842 322 1349 1863 1345 1340 1864 1344 150 844 845 843 324 325 1172 1866 1867 1865 1346 1347 961 959 137 244 955 966 1983 1981 1159 1266 1977 1988 557 542 536 402 541 537 1579 1564 1558 1424 1563 1559 577 559 398 557 537 576 1599 1581 1420 1579 1559 1598 95 91 90 561 543 94 1117 1113 1112 1583 1565 1116 562 102 99 91 95 98 1584 1124 1121 1113 1117 1120 564 102 562 8 582 103 1586 1124 1584 1030 1604 1125 377 48 44 578 68 619 1399 1070 1066 1600 1090 1641 644 622 624 197 600 623 1666 1644 1646 1219 1622 1645 37 734 173 708 39 705 1059 1756 1195 1730 1061 1727 765 740 738 492 737 302 1787 1762 1760 1514 1759 1324 60 388 748 387 406 62 1082 1410 1770 1409 1428 1084 409 775 747 60 62 800 1431 1797 1769 1082 1084 1822 311 307 298 763 789 306 1333 1329 1320 1785 1811 1328 838 817 507 509 812 272 1860 1839 1529 1531 1834 1294 511 166 839 816 838 864 1533 1188 1861 1838 1860 1886 58 853 209 413 854 416 1080 1875 1231 1435 1876 1438 835 254 833 860 515 258 1857 1276 1855 1882 1537 1280 427 423 138 67 878 431 1449 1445 1160 1089 1900 1453 887 450 238 170 863 259 1909 1472 1260 1192 1885 1281 451 446 905 879 427 431 1473 1468 1927 1901 1449 1453 446 440 906 876 422 905 1468 1462 1928 1898 1444 1927 902 271 429 875 906 440 1924 1293 1451 1897 1928 1462 937 918 334 894 463 149 1959 1940 1356 1916 1485 1171 458 449 929 907 902 440 1480 1471 1951 1929 1924 1462 926 434 435 430 930 443 1948 1456 1457 1452 1952 1465 452 438 932 448 933 262 1474 1460 1954 1470 1955 1284 921 824 920 2 942 956 1943 1846 1942 1024 1964 1978 938 338 916 936 465 952 1960 1360 1938 1958 1487 1974 587 567 549 547 565 4 1609 1589 1571 1569 1587 1026 282 133 11 165 279 591 1304 1155 1033 1187 1301 1613 132 633 282 287 13 612 1154 1655 1304 1309 1035 1634 650 629 118 18 115 186 1672 1651 1140 1040 1137 1208 283 710 658 3 683 486 1305 1732 1680 1025 1705 1508 711 686 714 482 713 286 1733 1708 1736 1504 1735 1308 742 715 688 275 686 711 1764 1737 1710 1297 1708 1733 267 784 758 57 756 174 1289 1806 1780 1079 1778 1196 307 790 302 496 762 764 1329 1812 1324 1518 1784 1786 791 295 483 303 790 818 1813 1317 1505 1325 1812 1840 612 13 546 566 606 586 610 1634 1035 1568 1588 1628 1608 1632 702 164 184 97 188 701 185 1724 1186 1206 1119 1210 1723 1207 63 353 354 358 360 26 239 1085 1375 1376 1380 1382 1048 1261 424 143 801 208 827 248 421 1446 1165 1823 1230 1849 1270 1443 23 25 128 125 19 124 21 1045 1047 1150 1147 1041 1146 1043 505 501 502 497 759 178 504 1527 1523 1524 1519 1781 1200 1526 498 494 493 172 182 730 731 1520 1516 1515 1194 1204 1752 1753 526 241 126 531 233 131 525 1548 1263 1148 1553 1255 1153 1547 754 194 357 362 360 358 356 1776 1216 1379 1384 1382 1380 1378 410 415 414 417 855 58 416 1432 1437 1436 1439 1877 1080 1438 947 931 933 448 447 434 926 1969 1953 1955 1470 1469 1456 1948 936 916 340 950 951 945 946 1958 1938 1362 1972 1973 1967 1968 472 470 663 594 616 593 638 1494 1492 1685 1616 1638 1615 1660 482 714 687 552 636 590 659 1504 1736 1709 1574 1658 1612 1681 762 496 736 490 173 734 707 1784 1518 1758 1512 1195 1756 1729 787 508 506 504 178 148 510 1809 1530 1528 1526 1200 1170 1532 814 514 786 758 784 140 516 1836 1536 1808 1780 1806 1162 1538 523 810 345 65 348 123 781 1545 1832 1367 1087 1370 1145 1803 806 526 525 831 832 519 528 1828 1548 1547 1853 1854 1541 1550 28 191 580 32 193 34 581 1050 1213 1602 1054 1215 1056 1603 602 70 191 28 601 189 603 1624 1092 1213 1050 1623 1211 1625 662 45 275 688 47 716 7 1684 1067 1297 1710 1069 1738 1029 207 211 722 696 719 382 378 1229 1233 1744 1718 1741 1404 1400 471 480 469 159 158 742 711 1493 1502 1491 1181 1180 1764 1733 289 771 281 284 744 285 288 1311 1793 1303 1306 1766 1307 1310 750 778 752 751 211 215 218 1772 1800 1774 1773 1233 1237 1240 57 179 148 178 759 728 756 1079 1201 1170 1200 1781 1750 1778 298 307 764 499 500 503 294 1320 1329 1786 1521 1522 1525 1316 767 766 303 483 481 793 479 1789 1788 1325 1505 1503 1815 1501 121 522 236 234 241 526 806 1143 1544 1258 1256 1263 1548 1828 792 791 818 315 735 820 299 1814 1813 1840 1337 1757 1842 1321 163 511 864 263 866 840 266 1185 1533 1886 1285 1888 1862 1288 437 439 909 256 908 252 257 1459 1461 1931 1278 1930 1274 1279 967 538 540 534 74 545 960 1989 1560 1562 1556 1096 1567 1982 987 948 928 927 931 947 986 2009 1970 1950 1949 1953 1969 2008 577 579 42 560 558 539 559 1599 1601 1064 1582 1580 1561 1581 107 14 12 102 564 106 583 1129 1036 1034 1124 1586 1128 1605 18 6 608 71 586 606 585 1040 1028 1630 1093 1608 1628 1607 392 389 52 597 395 618 391 1414 1411 1074 1619 1417 1640 1413 397 405 407 535 50 640 664 1419 1427 1429 1557 1072 1662 1686 290 291 129 130 609 655 611 1312 1313 1151 1152 1631 1677 1633 573 592 613 636 552 660 637 1595 1614 1635 1658 1574 1682 1659 701 188 190 647 646 670 698 1723 1210 1212 1669 1668 1692 1720 275 691 474 689 478 476 686 1297 1713 1496 1711 1500 1498 1708 45 690 467 470 472 691 275 1067 1712 1489 1492 1494 1713 1297 215 211 207 210 749 721 214 1237 1233 1229 1232 1771 1743 1236 217 202 776 773 394 775 409 1239 1224 1798 1795 1416 1797 1431 517 809 814 516 518 521 811 1539 1831 1836 1538 1540 1543 1833 853 208 801 221 802 828 826 1875 1230 1823 1243 1824 1850 1848 167 170 268 254 835 513 862 1189 1192 1290 1276 1857 1535 1884 53 844 150 328 155 869 51 1075 1866 1172 1350 1177 1891 1073 270 431 878 415 410 851 877 1292 1453 1900 1437 1432 1873 1899 863 170 167 161 885 837 156 1885 1192 1189 1183 1907 1859 1178 273 743 847 871 893 135 897 1295 1765 1869 1893 1915 1157 1919 438 450 887 240 813 912 932 1460 1472 1909 1262 1835 1934 1954 449 443 930 901 904 903 929 1471 1465 1952 1923 1926 1925 1951 456 889 438 452 934 914 455 1478 1911 1460 1474 1956 1936 1477 935 950 340 890 889 456 459 1957 1972 1362 1912 1911 1478 1481 309 795 301 300 304 141 796 1331 1817 1323 1322 1326 1163 1818 151 846 309 794 312 145 823 1173 1868 1331 1816 1334 1167 1845 844 822 151 317 320 321 845 1866 1844 1173 1339 1342 1343 1867 522 805 30 36 196 226 46 236 1544 1827 1052 1058 1218 1248 1068 1258 511 163 231 329 330 327 322 166 1533 1185 1253 1351 1352 1349 1344 1188 578 44 581 34 38 40 42 579 1600 1066 1603 1056 1060 1062 1064 1601 856 134 247 245 528 519 530 532 1878 1156 1269 1267 1550 1541 1552 1554 856 532 233 531 829 830 152 859 1878 1554 1255 1553 1851 1852 1174 1881 83 545 74 75 544 78 79 82 1105 1567 1096 1097 1566 1100 1101 1104 960 545 83 86 87 90 91 969 1982 1567 1105 1108 1109 1112 1113 1991 113 108 117 116 112 652 629 650 1135 1130 1139 1138 1134 1674 1651 1672 741 739 491 477 475 473 768 169 1763 1761 1513 1499 1497 1495 1790 1191 121 807 237 781 123 808 805 522 1143 1829 1259 1803 1145 1830 1827 1544 533 426 859 152 425 143 424 857 1555 1448 1881 1174 1447 1165 1446 1879 444 265 260 911 261 441 442 910 1466 1287 1282 1933 1283 1463 1464 1932 142 955 244 957 958 917 939 953 1164 1977 1266 1979 1980 1939 1961 1975 996 639 468 467 690 277 798 1004 2018 1661 1490 1489 1712 1299 1820 2026 18 585 14 16 111 114 607 115 1040 1607 1036 1038 1133 1136 1629 1137 129 291 132 15 632 17 125 128 1151 1313 1154 1037 1654 1039 1147 1150 675 104 651 113 650 96 100 109 1697 1126 1673 1135 1672 1118 1122 1131 382 719 383 386 694 390 666 695 1404 1741 1405 1408 1716 1412 1688 1717 709 283 680 708 173 490 41 43 1731 1305 1702 1730 1195 1512 1063 1065 211 751 371 374 375 720 379 722 1233 1773 1393 1396 1397 1742 1401 1744 733 37 494 498 497 502 732 706 1755 1059 1516 1520 1519 1524 1754 1728 36 778 750 219 222 777 223 196 1058 1800 1772 1241 1244 1799 1245 1218 828 220 803 200 774 217 409 826 1850 1242 1825 1222 1796 1239 1431 1848 842 318 819 315 818 310 314 319 1864 1340 1841 1337 1840 1332 1336 1341 426 881 147 153 136 134 856 859 1448 1903 1169 1175 1158 1156 1878 1881 828 802 235 829 531 126 232 224 220 1850 1824 1257 1851 1553 1148 1254 1246 1242 763 298 294 760 485 175 506 508 788 1785 1320 1316 1782 1507 1197 1528 1530 1810 187 626 76 604 73 69 602 603 77 1209 1648 1098 1626 1095 1091 1624 1625 1099 96 650 186 628 89 85 80 627 92 1118 1672 1208 1650 1111 1107 1102 1649 1114 123 348 780 349 352 63 239 520 808 1145 1370 1802 1371 1374 1085 1261 1542 1830 833 254 836 834 527 245 247 341 250 1855 1276 1858 1856 1549 1267 1269 1363 1272 436 884 146 881 426 858 432 139 433 1458 1906 1168 1903 1448 1880 1454 1161 1455 437 257 253 419 249 882 884 436 883 1459 1279 1275 1441 1271 1904 1906 1458 1905 376 56 389 54 620 385 643 380 381 1398 1078 1411 1076 1642 1407 1665 1402 1403 693 665 396 400 401 404 641 667 393 1715 1687 1418 1422 1423 1426 1663 1689 1415 369 372 376 645 373 204 669 364 203 1391 1394 1398 1667 1395 1226 1691 1386 1225 361 359 198 369 367 671 355 199 699 1383 1381 1220 1391 1389 1693 1377 1221 1721 756 730 182 183 162 154 726 729 174 1778 1752 1204 1205 1184 1176 1748 1751 1196 301 798 277 280 771 289 292 293 770 1323 1820 1299 1302 1793 1311 1314 1315 1792 984 944 946 945 949 924 923 925 948 987 2006 1966 1968 1967 1971 1946 1945 1947 1970 2009 705 681 676 31 653 29 27 33 678 35 1727 1703 1698 1053 1675 1051 1049 1055 1700 1057 779 26 360 362 753 366 368 370 752 778 1801 1048 1382 1384 1775 1388 1390 1392 1774 1800 267 174 61 342 351 346 347 343 757 171 1289 1196 1083 1364 1373 1368 1369 1365 1779 1193 463 895 160 332 335 337 339 865 892 915 1485 1917 1182 1354 1357 1359 1361 1887 1914 1937 59 700 725 359 84 195 724 81 357 194 201 1081 1722 1747 1381 1106 1217 1746 1103 1379 1216 1223 
</DataArray>
<DataArray type="Int32" Name="offsets" format="ascii">
6 12 20 28 36 44 52 60 68 76 84 92 100 108 116 124 132 140 148 156 164 172 180 188 196 204 212 220 228 236 244 252 260 268 276 284 292 300 308 316 324 332 340 348 356 364 372 380 388 396 404 412 420 428 436 444 452 460 468 476 484 492 500 508 516 524 532 540 548 556 564 572 580 588 596 604 612 620 628 636 644 652 660 668 676 684 692 700 708 716 724 732 740 748 756 764 772 780 788 796 804 812 820 828 836 844 852 860 868 876 884 892 900 908 916 924 932 940 948 956 964 972 980 988 996 1004 1012 1020 1028 1036 1044 1052 1060 1068 1076 1084 1092 1100 1108 1116 1124 1132 1140 1148 1156 1164 1172 1180 1188 1196 1204 1212 1220 1228 1236 1244 1252 1260 1268 1276 1284 1292 1300 1308 1316 1324 1332 1340 1348 1356 1364 1372 1380 1388 1396 1404 1412 1420 1428 1436 1444 1452 1460 1468 1476 1484 1492 1500 1508 1516 1524 1532 1540 1550 1560 1570 1580 1590 1600 1610 1620 1630 1640 1650 1660 1670 1680 1690 1700 1710 1720 1730 1740 1750 1760 1770 1780 1790 1800 1810 1820 1830 1840 1850 1860 1870 1880 1890 1900 1910 1920 1930 1940 1950 1960 1970 1980 1990 2000 2010 2020 2030 2040 2050 2060 2070 2080 2090 2100 2110 2120 2130 2140 2150 2160 2170 2180 2190 2200 2210 2220 2230 2240 2250 2260 2270 2280 2290 2300 2310 2320 2330 2340 2350 2360 2370 2380 2390 2400 2410 2420 2430 2440 2450 2460 2470 2480 2490 2500 2510 2520 2530 2540 2550 2560 2570 2580 2590 2600 2610 2620 2630 2640 2650 2660 2670 2680 2690 2700 2710 2720 2730 2740 2750 2760 2770 2780 2790 2800 2810 2820 2830 2840 2850 2860 2870 2880 2890 2900 2910 2920 2930 2940 2950 2960 2970 2980 2990 3000 3010 3020 3030 3040 3050 3060 3070 3080 3090 3100 3110 3120 3130 3140 3150 3160 3170 3180 3190 3200 3210 3220 3230 3240 3250 3260 3270 3280 3290 3300 3310 3320 3330 3340 3350 3360 3370 3380 3390 3400 3410 3420 3430 3440 3450 3460 3470 3480 3492 3504 3516 3528 3540 3552 3564 3576 3588 3600 3612 3624 3636 3648 3660 3672 3684 3696 3708 3720 3732 3744 3756 3768 3780 3792 3804 3816 3828 3840 3852 3864 3876 3888 3900 3912 3924 3936 3948 3960 3972 3984 3996 4008 4020 4032 4044 4056 4068 4080 4092 4104 4116 4128 4140 4152 4164 4176 4188 4200 4212 4224 4236 4248 4260 4272 4284 4296 4308 4320 4332 4344 4356 4368 4380 4392 4404 4416 4428 4440 4452 4464 4476 4488 4500 4512 4524 4536 4548 4560 4572 4584 4596 4608 4620 4632 4644 4656 4668 4680 4692 4704 4716 4730 4744 4758 4772 4786 4800 4814 4828 4842 4856 4870 4884 4898 4912 4926 4940 4954 4968 4982 4996 5010 5024 5038 5052 5066 5080 5094 5108 5122 5136 5150 5164 5178 5192 5206 5220 5234 5248 5262 5276 5290 5304 5318 5332 5346 5360 5374 5388 5402 5416 5430 5444 5458 5472 5486 5500 5514 5528 5542 5556 5570 5586 5602 5618 5634 5650 5666 5682 5698 5714 5730 5746 5762 5778 5794 5810 5826 5842 5858 5874 5890 5906 5922 5938 5954 5970 5988 6006 6024 6042 6060 6078 6096 6114 6132 6150 6168 6186 6204 6222 6242 6262 6282 6302 6322 6344 
</DataArray>
<DataArray type="UInt8" Name="types" format="ascii">
42 42 42 42 42 42 42 42 42 42 42 42 42 42 42 42 42 42 42 42 42 42 42 42 42 42 42 42 42 42 42 42 42 42 42 42 42 42 42 42 42 42 42 42 42 42 42 42 42 42 42 42 42 42 42 42 42 42 42 42 42 42 42 42 42 42 42 42 42 42 42 42 42 42 42 42 42 42 42 42 42 42 42 42 42 42 42 42 42 42 42 42 42 42 42 42 42 42 42 42 42 42 42 42 42 42 42 42 42 42 42 42 42 42 42 42 42 42 42 42 42 42 42 42 42 42 42 42 42 42 42 42 42 42 42 42 42 42 42 42 42 42 42 42 42 42 42 42 42 42 42 42 42 42 42 42 42 42 42 42 42 42 42 42 42 42 42 42 42 42 42 42 42 42 42 42 42 42 42 42 42 42 42 42 42 42 42 42 42 42 42 42 42 42 42 42 42 42 42 42 42 42 42 42 42 42 42 42 42 42 42 42 42 42 42 42 42 42 42 42 42 42 42 42 42 42 42 42 42 42 42 42 42 42 42 42 42 42 42 42 42 42 42 42 42 42 42 42 42 42 42 42 42 42 42 42 42 42 42 42 42 42 42 42 42 42 42 42 42 42 42 42 42 42 42 42 42 42 42 42 42 42 42 42 42 42 42 42 42 42 42 42 42 42 42 42 42 42 42 42 42 42 42 42 42 42 42 42 42 42 42 42 42 42 42 42 42 42 42 42 42 42 42 42 42 42 42 42 42 42 42 42 42 42 42 42 42 42 42 42 42 42 42 42 42 42 42 42 42 42 42 42 42 42 42 42 42 42 42 42 42 42 42 42 42 42 42 42 42 42 42 42 42 42 42 42 42 42 42 42 42 42 42 42 42 42 42 42 42 42 42 42 42 42 42 42 42 42 42 42 42 42 42 42 42 42 42 42 42 42 42 42 42 42 42 42 42 42 42 42 42 42 42 42 42 42 42 42 42 42 42 42 42 42 42 42 42 42 42 42 42 42 42 42 42 42 42 42 42 42 42 42 42 42 42 42 42 42 42 42 42 42 42 42 42 42 42 42 42 42 42 42 42 42 42 42 42 42 42 42 42 42 42 42 42 42 42 42 42 42 42 42 42 42 42 42 42 42 42 42 42 42 42 42 42 42 42 42 42 42 42 42 42 42 42 42 42 42 42 42 42 42 42 42 42 42 42 42 42 42 42 42 42 42 42 42 42 42 42 42 42 42 42 42 42 42 42 42 42 42 42 42 42 42 42 42 42 42 42 42 42 42 42 42 42 42 42 42 42 42 42 42 42 42 42 42 42 42 42 42 42 42 42 42 42 42 42 42 42 42 42 42 42 42 42 42 
</DataArray>
<DataArray type="Int32" Name="faces" format="ascii">
5 3 485 761 175 3 1507 1783 1197 4 485 761 1783 1507 4 761 175 1197 1783 4 175 485 1507 1197 5 3 830 829 235 3 1852 1851 1257 4 830 829 1851 1852 4 829 235 1257 1851 4 235 830 1852 1257 6 4 17 632 71 608 4 1039 1654 1093 1630 4 17 632 1654 1039 4 632 71 1093 1654 4 71 608 1630 1093 4 608 17 1039 1630 6 4 154 673 88 726 4 1176 1695 1110 1748 4 154 673 1695 1176 4 673 88 1110 1695 4 88 726 1748 1110 4 726 154 1176 1748 6 4 61 59 201 342 4 1083 1081 1223 1364 4 61 59 1081 1083 4 59 201 1223 1081 4 201 342 1364 1223 4 342 61 1083 1364 6 4 425 221 801 143 4 1447 1243 1823 1165 4 425 221 1243 1447 4 221 801 1823 1243 4 801 143 1165 1823 4 143 425 1447 1165 6 4 75 402 536 544 4 1097 1424 1558 1566 4 75 402 1424 1097 4 402 536 1558 1424 4 536 544 1566 1558 4 544 75 1097 1566 6 4 78 544 536 542 4 1100 1566 1558 1564 4 78 544 1566 1100 4 536 544 1566 1558 4 536 542 1564 1558 4 542 78 1100 1564 6 4 558 560 87 86 4 1580 1582 1109 1108 4 558 560 1582 1580 4 560 87 1109 1582 4 87 86 1108 1109 4 86 558 1580 1108 6 4 561 40 38 543 4 1583 1062 1060 1565 4 561 40 1062 1583 4 40 38 1060 1062 4 38 543 1565 1060 4 543 561 1583 1565 6 4 73 604 583 106 4 1095 1626 1605 1128 4 73 604 1626 1095 4 604 583 1605 1626 4 583 106 1128 1605 4 106 73 1095 1128 6 4 85 89 114 111 4 1107 1111 1136 1133 4 85 89 1111 1107 4 89 114 1136 1111 4 114 111 1133 1136 4 111 85 1107 1133 6 4 89 628 607 114 4 1111 1650 1629 1136 4 89 628 1650 1111 4 628 607 1629 1650 4 607 114 1136 1629 4 89 114 1136 1111 6 4 186 115 607 628 4 1208 1137 1629 1650 4 186 115 1137 1208 4 115 607 1629 1137 4 628 607 1629 1650 4 628 186 1208 1650 6 4 629 652 631 118 4 1651 1674 1653 1140 4 629 652 1674 1651 4 652 631 1653 1674 4 631 118 1140 1653 4 118 629 1651 1140 6 4 21 124 120 122 4 1043 1146 1142 1144 4 21 124 1146 1043 4 124 120 1142 1146 4 120 122 1144 1142 4 122 21 1043 1144 6 4 653 31 609 130 4 1675 1053 1631 1152 4 653 31 1053 1675 4 31 609 1631 1053 4 609 130 1152 1631 4 130 653 1675 1152 6 4 31 676 655 609 4 1053 1698 1677 1631 4 31 676 1698 1053 4 676 655 1677 1698 4 655 609 1631 1677 4 31 609 1631 1053 6 4 873 957 244 137 4 1895 1979 1266 1159 4 873 957 1979 1895 4 957 244 1266 1979 4 244 137 1159 1266 4 137 873 1895 1159 6 4 956 942 917 958 4 1978 1964 1939 1980 4 956 942 1964 1978 4 942 917 1939 1964 4 917 958 1980 1939 4 958 956 1978 1980 6 4 894 334 897 135 4 1916 1356 1919 1157 4 894 334 1356 1916 4 334 897 1919 1356 4 897 135 1157 1919 4 135 894 1916 1157 6 4 210 748 388 749 4 1232 1770 1410 1771 4 210 748 1770 1232 4 748 388 1410 1770 4 388 749 1771 1410 4 749 210 1232 1771 6 4 219 776 202 222 4 1241 1798 1224 1244 4 219 776 1798 1241 4 776 202 1224 1798 4 202 222 1244 1224 4 222 219 1241 1244 6 4 774 200 223 777 4 1796 1222 1245 1799 4 774 200 1222 1796 4 200 223 1245 1222 4 223 777 1799 1245 4 777 774 1796 1799 6 4 127 228 230 229 4 1149 1250 1252 1251 4 127 228 1250 1149 4 228 230 1252 1250 4 230 229 1251 1252 4 229 127 1149 1251 6 4 1 831 525 131 4 1023 1853 1547 1153 4 1 831 1853 1023 4 831 525 1547 1853 4 525 131 1153 1547 4 131 1 1023 1153 6 4 529 530 519 832 4 1551 1552 1541 1854 4 529 530 1552 1551 4 530 519 1541 1552 4 519 832 1854 1541 4 832 529 1551 1854 6 4 134 136 341 247 4 1156 1158 1363 1269 4 134 136 1158 1156 4 136 341 1363 1158 4 341 247 1269 1363 4 247 134 1156 1269 6 4 136 153 250 341 4 1158 1175 1272 1363 4 136 153 1175 1158 4 153 250 1272 1175 4 250 341 1363 1272 4 136 341 1363 1158 6 4 419 862 513 249 4 1441 1884 1535 1271 4 419 862 1884 1441 4 862 513 1535 1884 4 513 249 1271 1535 4 249 419 1441 1271 6 4 252 908 837 885 4 1274 1930 1859 1907 4 252 908 1930 1274 4 908 837 1859 1930 4 837 885 1907 1859 4 885 252 1274 1907 6 4 281 7 716 284 4 1303 1029 1738 1306 4 281 7 1029 1303 4 7 716 1738 1029 4 716 284 1306 1738 4 284 281 1303 1306 6 4 284 716 47 744 4 1306 1738 1069 1766 4 716 284 1306 1738 4 716 47 1069 1738 4 47 744 1766 1069 4 744 284 1306 1766 6 4 293 292 159 469 4 1315 1314 1181 1491 4 293 292 1314 1315 4 292 159 1181 1314 4 159 469 1491 1181 4 469 293 1315 1491 6 4 297 769 741 169 4 1319 1791 1763 1191 4 297 769 1791 1319 4 769 741 1763 1791 4 741 169 1191 1763 4 169 297 1319 1191 6 4 141 304 768 473 4 1163 1326 1790 1495 4 141 304 1326 1163 4 304 768 1790 1326 4 768 473 1495 1790 4 473 141 1163 1495 6 4 145 312 479 793 4 1167 1334 1501 1815 4 145 312 1334 1167 4 312 479 1501 1334 4 479 793 1815 1501 4 793 145 1167 1815 6 4 321 320 299 820 4 1343 1342 1321 1842 4 321 320 1342 1343 4 320 299 1321 1342 4 299 820 1842 1321 4 820 321 1343 1842 6 4 329 331 326 330 4 1351 1353 1348 1352 4 329 331 1353 1351 4 331 326 1348 1353 4 326 330 1352 1348 4 330 329 1351 1352 6 4 337 266 840 339 4 1359 1288 1862 1361 4 337 266 1288 1359 4 266 840 1862 1288 4 840 339 1361 1862 4 339 337 1359 1361 6 4 339 840 866 865 4 1361 1862 1888 1887 4 840 339 1361 1862 4 840 866 1888 1862 4 866 865 1887 1888 4 865 339 1361 1887 6 4 349 780 757 343 4 1371 1802 1779 1365 4 349 780 1802 1371 4 780 757 1779 1802 4 757 343 1365 1779 4 343 349 1371 1365 6 4 352 349 343 347 4 1374 1371 1365 1369 4 352 349 1371 1374 4 343 349 1371 1365 4 343 347 1369 1365 4 347 352 1374 1369 6 4 22 356 358 354 4 1044 1378 1380 1376 4 22 356 1378 1044 4 356 358 1380 1378 4 358 354 1376 1380 4 354 22 1044 1376 6 4 362 357 81 753 4 1384 1379 1103 1775 4 362 357 1379 1384 4 357 81 1103 1379 4 81 753 1775 1103 4 753 362 1384 1775 6 4 366 753 81 724 4 1388 1775 1103 1746 4 366 753 1775 1388 4 81 753 1775 1103 4 81 724 1746 1103 4 724 366 1388 1746 6 4 368 366 724 195 4 1390 1388 1746 1217 4 368 366 1388 1390 4 724 366 1388 1746 4 724 195 1217 1746 4 195 368 1390 1217 6 4 375 374 699 199 4 1397 1396 1721 1221 4 375 374 1396 1397 4 374 699 1721 1396 4 699 199 1221 1721 4 199 375 1397 1221 6 4 720 375 199 355 4 1742 1397 1221 1377 4 720 375 1397 1742 4 199 375 1397 1221 4 199 355 1377 1221 4 355 720 1742 1377 6 4 379 720 355 671 4 1401 1742 1377 1693 4 379 720 1742 1401 4 355 720 1742 1377 4 355 671 1693 1377 4 671 379 1401 1693 6 4 386 383 364 669 4 1408 1405 1386 1691 4 386 383 1405 1408 4 383 364 1386 1405 4 364 669 1691 1386 4 669 386 1408 1691 6 4 694 386 669 204 4 1716 1408 1691 1226 4 694 386 1408 1716 4 669 386 1408 1691 4 669 204 1226 1691 4 204 694 1716 1226 6 4 390 694 204 373 4 1412 1716 1226 1395 4 390 694 1716 1412 4 204 694 1716 1226 4 204 373 1395 1226 4 373 390 1412 1395 6 4 400 396 380 643 4 1422 1418 1402 1665 4 400 396 1418 1422 4 396 380 1402 1418 4 380 643 1665 1402 4 643 400 1422 1665 6 4 401 400 643 385 4 1423 1422 1665 1407 4 401 400 1422 1423 4 643 400 1422 1665 4 643 385 1407 1665 4 385 401 1423 1407 6 4 404 401 385 620 4 1426 1423 1407 1642 4 404 401 1423 1426 4 385 401 1423 1407 4 385 620 1642 1407 4 620 404 1426 1642 6 4 535 407 391 618 4 1557 1429 1413 1640 4 535 407 1429 1557 4 407 391 1413 1429 4 391 618 1640 1413 4 618 535 1557 1640 6 4 50 535 618 395 4 1072 1557 1640 1417 4 50 535 1557 1072 4 618 535 1557 1640 4 618 395 1417 1640 4 395 50 1072 1417 6 4 851 410 416 854 4 1873 1432 1438 1876 4 851 410 1432 1873 4 410 416 1438 1432 4 416 854 1876 1438 4 854 851 1873 1876 6 4 420 418 417 414 4 1442 1440 1439 1436 4 420 418 1440 1442 4 418 417 1439 1440 4 417 414 1436 1439 4 414 420 1442 1436 6 4 875 429 433 139 4 1897 1451 1455 1161 4 875 429 1451 1897 4 429 433 1455 1451 4 433 139 1161 1455 4 139 875 1897 1161 6 4 904 901 910 442 4 1926 1923 1932 1464 4 904 901 1923 1926 4 901 910 1932 1923 4 910 442 1464 1932 4 442 904 1926 1464 6 4 931 927 262 933 4 1953 1949 1284 1955 4 931 927 1949 1953 4 927 262 1284 1949 4 262 933 1955 1284 4 933 931 1953 1955 6 4 925 923 455 914 4 1947 1945 1477 1936 4 925 923 1945 1947 4 923 455 1477 1945 4 455 914 1936 1477 4 914 925 1947 1936 6 4 460 949 945 951 4 1482 1971 1967 1973 4 460 949 1971 1482 4 949 945 1967 1971 4 945 951 1973 1967 4 951 460 1482 1973 6 4 936 946 944 465 4 1958 1968 1966 1487 4 936 946 1968 1958 4 946 944 1966 1968 4 944 465 1487 1966 4 465 936 1958 1487 6 4 594 663 468 639 4 1616 1685 1490 1661 4 594 663 1685 1616 4 663 468 1490 1685 4 468 639 1661 1490 4 639 594 1616 1661 6 4 478 689 637 660 4 1500 1711 1659 1682 4 478 689 1711 1500 4 689 637 1659 1711 4 637 660 1682 1659 4 660 478 1500 1682 6 4 495 41 490 736 4 1517 1063 1512 1758 4 495 41 1063 1517 4 41 490 1512 1063 4 490 736 1758 1512 4 736 495 1517 1758 6 4 503 500 706 732 4 1525 1522 1728 1754 4 503 500 1522 1525 4 500 706 1728 1522 4 706 732 1754 1728 4 732 503 1525 1754 6 4 510 148 179 512 4 1532 1170 1201 1534 4 510 148 1170 1532 4 148 179 1201 1170 4 179 512 1534 1201 4 512 510 1532 1534 6 4 521 518 251 243 4 1543 1540 1273 1265 4 521 518 1540 1543 4 518 251 1273 1540 4 251 243 1265 1273 4 243 521 1543 1265 6 4 527 834 237 807 4 1549 1856 1259 1829 4 527 834 1856 1549 4 834 237 1259 1856 4 237 807 1829 1259 4 807 527 1549 1829 6 4 15 132 612 610 4 1037 1154 1634 1632 4 15 132 1154 1037 4 132 612 1634 1154 4 612 610 1632 1634 4 610 15 1037 1632 6 4 470 467 468 663 4 1492 1489 1490 1685 4 470 467 1489 1492 4 467 468 1490 1489 4 663 468 1490 1685 4 663 470 1492 1685 6 4 686 476 687 714 4 1708 1498 1709 1736 4 686 476 1498 1708 4 476 687 1709 1498 4 687 714 1736 1709 4 714 686 1708 1736 6 4 1 529 832 831 4 1023 1551 1854 1853 4 1 529 1551 1023 4 832 529 1551 1854 4 832 831 1853 1854 4 1 831 1853 1023 6 4 935 460 951 950 4 1957 1482 1973 1972 4 935 460 1482 1957 4 951 460 1482 1973 4 951 950 1972 1973 4 950 935 1957 1972 6 4 990 554 968 1018 4 2012 1576 1990 2040 4 990 554 1576 2012 4 554 968 1990 1576 4 968 1018 2040 1990 4 1018 990 2012 2040 6 4 403 555 540 538 4 1425 1577 1562 1560 4 403 555 1577 1425 4 555 540 1562 1577 4 540 538 1560 1562 4 538 403 1425 1560 6 4 969 91 99 970 4 1991 1113 1121 1992 4 969 91 1113 1991 4 91 99 1121 1113 4 99 970 1992 1121 4 970 969 1991 1992 6 4 970 99 10 971 4 1992 1121 1032 1993 4 99 970 1992 1121 4 99 10 1032 1121 4 10 971 1993 1032 4 971 970 1992 1993 6 4 971 10 563 972 4 1993 1032 1585 1994 4 10 971 1993 1032 4 10 563 1585 1032 4 563 972 1994 1585 4 972 971 1993 1994 6 4 972 563 565 973 4 1994 1585 1587 1995 4 563 972 1994 1585 4 563 565 1587 1585 4 565 973 1995 1587 4 973 972 1994 1995 6 4 973 565 547 974 4 1995 1587 1569 1996 4 565 973 1995 1587 4 565 547 1569 1587 4 547 974 1996 1569 4 974 973 1995 1996 6 4 976 550 5 977 4 1998 1572 1027 1999 4 976 550 1572 1998 4 550 5 1027 1572 4 5 977 1999 1027 4 977 976 1998 1999 6 4 977 5 570 978 4 1999 1027 1592 2000 4 5 977 1999 1027 4 5 570 1592 1027 4 570 978 2000 1592 4 978 977 1999 2000 6 4 978 570 572 979 4 2000 1592 1594 2001 4 570 978 2000 1592 4 570 572 1594 1592 4 572 979 2001 1594 4 979 978 2000 2001 6 4 1019 979 572 989 4 2041 2001 1594 2011 4 1019 979 2001 2041 4 572 979 2001 1594 4 572 989 2011 1594 4 989 1019 2041 2011 6 4 991 574 554 990 4 2013 1596 1576 2012 4 991 574 1596 2013 4 574 554 1576 1596 4 990 554 1576 2012 4 990 991 2013 2012 6 4 989 572 466 992 4 2011 1594 1488 2014 4 572 989 2011 1594 4 572 466 1488 1594 4 466 992 2014 1488 4 992 989 2011 2014 6 4 994 595 574 991 4 2016 1617 1596 2013 4 994 595 1617 2016 4 595 574 1596 1617 4 991 574 1596 2013 4 991 994 2016 2013 6 4 578 579 577 68 4 1600 1601 1599 1090 4 578 579 1601 1600 4 579 577 1599 1601 4 577 68 1090 1599 4 68 578 1600 1090 6 4 992 466 553 993 4 2014 1488 1575 2015 4 466 992 2014 1488 4 466 553 1575 1488 4 553 993 2015 1575 4 993 992 2014 2015 6 4 995 617 595 994 4 2017 1639 1617 2016 4 995 617 1639 2017 4 617 595 1617 1639 4 994 595 1617 2016 4 994 995 2017 2016 6 4 993 553 615 997 4 2015 1575 1637 2019 4 553 993 2015 1575 4 553 615 1637 1575 4 615 997 2019 1637 4 997 993 2015 2019 6 4 998 640 617 995 4 2020 1662 1639 2017 4 998 640 1662 2020 4 640 617 1639 1662 4 995 617 1639 2017 4 995 998 2020 2017 6 4 999 664 640 998 4 2021 1686 1662 2020 4 999 664 1686 2021 4 664 640 1662 1686 4 998 640 1662 2020 4 998 999 2021 2020 6 4 1000 692 664 999 4 2022 1714 1686 2021 4 1000 692 1714 2022 4 692 664 1686 1714 4 999 664 1686 2021 4 999 1000 2022 2021 6 4 1001 717 692 1000 4 2023 1739 1714 2022 4 1001 717 1739 2023 4 717 692 1714 1739 4 1000 692 1714 2022 4 1000 1001 2023 2022 6 4 367 369 203 697 4 1389 1391 1225 1719 4 367 369 1391 1389 4 369 203 1225 1391 4 203 697 1719 1225 4 697 367 1389 1719 6 4 1002 745 717 1001 4 2024 1767 1739 2023 4 1002 745 1767 2024 4 745 717 1739 1767 4 1001 717 1739 2023 4 1001 1002 2024 2023 6 4 756 728 731 730 4 1778 1750 1753 1752 4 756 728 1750 1778 4 728 731 1753 1750 4 731 730 1752 1753 4 730 756 1778 1752 6 4 1003 772 745 1002 4 2025 1794 1767 2024 4 1003 772 1794 2025 4 772 745 1767 1794 4 1002 745 1767 2024 4 1002 1003 2025 2024 6 4 1005 408 772 1003 4 2027 1430 1794 2025 4 1005 408 1430 2027 4 408 772 1794 1430 4 1003 772 1794 2025 4 1003 1005 2027 2025 6 4 1007 799 408 1005 4 2029 1821 1430 2027 4 1007 799 1821 2029 4 799 408 1430 1821 4 1005 408 1430 2027 4 1005 1007 2029 2027 6 4 988 795 55 1006 4 2010 1817 1077 2028 4 988 795 1817 2010 4 795 55 1077 1817 4 55 1006 2028 1077 4 1006 988 2010 2028 6 4 1006 55 276 1009 4 2028 1077 1298 2031 4 55 1006 2028 1077 4 55 276 1298 1077 4 276 1009 2031 1298 4 1009 1006 2028 2031 6 4 1009 276 898 1010 4 2031 1298 1920 2032 4 276 1009 2031 1298 4 276 898 1920 1298 4 898 1010 2032 1920 4 1010 1009 2031 2032 6 4 1012 874 850 1011 4 2034 1896 1872 2033 4 1012 874 1896 2034 4 874 850 1872 1896 4 850 1011 2033 1872 4 1011 1012 2034 2033 6 4 453 915 892 891 4 1475 1937 1914 1913 4 453 915 1937 1475 4 915 892 1914 1937 4 892 891 1913 1914 4 891 453 1475 1913 6 4 1010 898 849 1013 4 2032 1920 1871 2035 4 898 1010 2032 1920 4 898 849 1871 1920 4 849 1013 2035 1871 4 1013 1010 2032 2035 6 4 1015 900 874 1012 4 2037 1922 1896 2034 4 1015 900 1922 2037 4 900 874 1896 1922 4 1012 874 1896 2034 4 1012 1015 2037 2034 6 4 1013 849 899 1014 4 2035 1871 1921 2036 4 849 1013 2035 1871 4 849 899 1921 1871 4 899 1014 2036 1921 4 1014 1013 2035 2036 6 4 1016 922 900 1015 4 2038 1944 1922 2037 4 1016 922 1944 2038 4 922 900 1922 1944 4 1015 900 1922 2037 4 1015 1016 2038 2037 6 4 142 953 242 246 4 1164 1975 1264 1268 4 142 953 1975 1164 4 953 242 1264 1975 4 242 246 1268 1264 4 246 142 1164 1268 6 4 1020 963 922 1016 4 2042 1985 1944 2038 4 1020 963 1985 2042 4 963 922 1944 1985 4 1016 922 1944 2038 4 1016 1020 2042 2038 6 4 962 461 922 963 4 1984 1483 1944 1985 4 962 461 1483 1984 4 461 922 1944 1483 4 963 922 1944 1985 4 963 962 1984 1985 6 4 980 462 461 962 4 2002 1484 1483 1984 4 980 462 1484 2002 4 462 461 1483 1484 4 962 461 1483 1984 4 962 980 2002 1984 6 4 981 457 462 980 4 2003 1479 1484 2002 4 981 457 1479 2003 4 457 462 1484 1479 4 980 462 1484 2002 4 980 981 2003 2002 6 4 982 458 457 981 4 2004 1480 1479 2003 4 982 458 1480 2004 4 458 457 1479 1480 4 981 457 1479 2003 4 981 982 2004 2003 6 4 983 449 458 982 4 2005 1471 1480 2004 4 983 449 1471 2005 4 449 458 1480 1471 4 982 458 1480 2004 4 982 983 2005 2004 6 4 985 443 449 983 4 2007 1465 1471 2005 4 985 443 1465 2007 4 443 449 1471 1465 4 983 449 1471 2005 4 983 985 2007 2005 6 4 1014 899 943 1017 4 2036 1921 1965 2039 4 899 1014 2036 1921 4 899 943 1965 1921 4 943 1017 2039 1965 4 1017 1014 2036 2039 6 4 574 399 403 554 4 1596 1421 1425 1576 4 574 399 1421 1596 4 399 403 1425 1421 4 403 554 1576 1425 4 574 554 1576 1596 6 4 399 575 555 403 4 1421 1597 1577 1425 4 399 575 1597 1421 4 575 555 1577 1597 4 403 555 1577 1425 4 399 403 1425 1421 6 4 575 576 537 555 4 1597 1598 1559 1577 4 575 576 1598 1597 4 576 537 1559 1598 4 537 555 1577 1559 4 575 555 1577 1597 6 4 102 12 10 99 4 1124 1034 1032 1121 4 102 12 1034 1124 4 12 10 1032 1034 4 99 10 1032 1121 4 99 102 1124 1121 6 4 12 584 563 10 4 1034 1606 1585 1032 4 12 584 1606 1034 4 584 563 1585 1606 4 10 563 1585 1032 4 12 10 1032 1034 6 4 4 565 563 584 4 1026 1587 1585 1606 4 4 565 1587 1026 4 563 565 1587 1585 4 584 563 1585 1606 4 584 4 1026 1606 6 4 11 589 5 550 4 1033 1611 1027 1572 4 11 589 1611 1033 4 589 5 1027 1611 4 550 5 1027 1572 4 550 11 1033 1572 6 4 589 551 570 5 4 1611 1573 1592 1027 4 589 551 1573 1611 4 551 570 1592 1573 4 5 570 1592 1027 4 589 5 1027 1611 6 4 551 466 572 570 4 1573 1488 1594 1592 4 551 466 1488 1573 4 572 466 1488 1594 4 570 572 1594 1592 4 551 570 1592 1573 6 4 206 399 574 595 4 1228 1421 1596 1617 4 206 399 1421 1228 4 574 399 1421 1596 4 595 574 1596 1617 4 595 206 1228 1617 6 4 206 556 575 399 4 1228 1578 1597 1421 4 206 556 1578 1228 4 556 575 1597 1578 4 399 575 1597 1421 4 206 399 1421 1228 6 4 556 596 576 575 4 1578 1618 1598 1597 4 556 596 1618 1578 4 596 576 1598 1618 4 575 576 1598 1597 4 556 575 1597 1578 6 4 68 577 576 596 4 1090 1599 1598 1618 4 577 68 1090 1599 4 577 576 1598 1599 4 596 576 1598 1618 4 596 68 1090 1618 6 4 14 585 584 12 4 1036 1607 1606 1034 4 14 585 1607 1036 4 585 584 1606 1607 4 12 584 1606 1034 4 12 14 1036 1034 6 4 133 9 589 11 4 1155 1031 1611 1033 4 133 9 1031 1155 4 9 589 1611 1031 4 11 589 1611 1033 4 11 133 1155 1033 6 4 9 571 551 589 4 1031 1593 1573 1611 4 9 571 1593 1031 4 571 551 1573 1593 4 589 551 1573 1611 4 9 589 1611 1031 6 4 553 466 551 571 4 1575 1488 1573 1593 4 466 553 1575 1488 4 551 466 1488 1573 4 571 551 1573 1593 4 571 553 1575 1593 6 4 597 206 595 617 4 1619 1228 1617 1639 4 597 206 1228 1619 4 595 206 1228 1617 4 617 595 1617 1639 4 617 597 1619 1639 6 4 597 52 556 206 4 1619 1074 1578 1228 4 597 52 1074 1619 4 52 556 1578 1074 4 206 556 1578 1228 4 597 206 1228 1619 6 4 52 384 596 556 4 1074 1406 1618 1578 4 52 384 1406 1074 4 384 596 1618 1406 4 556 596 1618 1578 4 52 556 1578 1074 6 4 384 619 68 596 4 1406 1641 1090 1618 4 384 619 1641 1406 4 619 68 1090 1641 4 596 68 1090 1618 4 384 596 1618 1406 6 4 633 634 133 282 4 1655 1656 1155 1304 4 633 634 1656 1655 4 634 133 1155 1656 4 133 282 1304 1155 4 282 633 1655 1304 6 4 635 9 133 634 4 1657 1031 1155 1656 4 635 9 1031 1657 4 133 9 1031 1155 4 634 133 1155 1656 4 634 635 1657 1656 6 4 614 571 9 635 4 1636 1593 1031 1657 4 614 571 1593 1636 4 9 571 1593 1031 4 635 9 1031 1657 4 635 614 1636 1657 6 4 615 553 571 614 4 1637 1575 1593 1636 4 553 615 1637 1575 4 571 553 1575 1593 4 614 571 1593 1636 4 614 615 1637 1636 6 4 389 56 384 52 4 1411 1078 1406 1074 4 389 56 1078 1411 4 56 384 1406 1078 4 52 384 1406 1074 4 52 389 1411 1074 6 4 56 205 619 384 4 1078 1227 1641 1406 4 56 205 1227 1078 4 205 619 1641 1227 4 384 619 1641 1406 4 56 384 1406 1078 6 4 291 168 633 132 4 1313 1190 1655 1154 4 291 168 1190 1313 4 168 633 1655 1190 4 633 132 1154 1655 4 132 291 1313 1154 6 4 656 634 633 168 4 1678 1656 1655 1190 4 656 634 1656 1678 4 633 634 1656 1655 4 168 633 1655 1190 4 168 656 1678 1190 6 4 613 635 634 656 4 1635 1657 1656 1678 4 613 635 1657 1635 4 634 635 1657 1656 4 656 634 1656 1678 4 656 613 1635 1678 6 4 592 614 635 613 4 1614 1636 1657 1635 4 592 614 1636 1614 4 635 614 1636 1657 4 613 635 1657 1635 4 613 592 1614 1635 6 4 376 372 205 56 4 1398 1394 1227 1078 4 376 372 1394 1398 4 372 205 1227 1394 4 56 205 1227 1078 4 56 376 1398 1078 6 4 372 365 644 205 4 1394 1387 1666 1227 4 372 365 1387 1394 4 365 644 1666 1387 4 644 205 1227 1666 4 372 205 1227 1394 6 4 683 656 168 486 4 1705 1678 1190 1508 4 683 656 1678 1705 4 168 656 1678 1190 4 168 486 1508 1190 4 486 683 1705 1508 6 4 369 198 365 372 4 1391 1220 1387 1394 4 369 198 1220 1391 4 198 365 1387 1220 4 372 365 1387 1394 4 372 369 1391 1394 6 4 698 670 365 198 4 1720 1692 1387 1220 4 698 670 1692 1720 4 670 365 1387 1692 4 198 365 1387 1220 4 198 698 1720 1220 6 4 718 393 692 717 4 1740 1415 1714 1739 4 718 393 1415 1740 4 393 692 1714 1415 4 717 692 1714 1739 4 717 718 1740 1739 6 4 406 718 717 745 4 1428 1740 1739 1767 4 406 718 1740 1428 4 717 718 1740 1739 4 745 717 1739 1767 4 745 406 1428 1767 6 4 772 62 406 745 4 1794 1084 1428 1767 4 772 62 1084 1794 4 62 406 1428 1084 4 745 406 1428 1767 4 772 745 1767 1794 6 4 303 765 302 790 4 1325 1787 1324 1812 4 303 765 1787 1325 4 765 302 1324 1787 4 302 790 1812 1324 4 790 303 1325 1812 6 4 800 62 772 408 4 1822 1084 1794 1430 4 800 62 1084 1822 4 772 62 1084 1794 4 408 772 1794 1430 4 408 800 1822 1430 6 4 213 800 408 799 4 1235 1822 1430 1821 4 213 800 1822 1235 4 408 800 1822 1430 4 799 408 1430 1821 4 799 213 1235 1821 6 4 213 826 409 800 4 1235 1848 1431 1822 4 213 826 1848 1235 4 826 409 1431 1848 4 409 800 1822 1431 4 213 800 1822 1235 6 4 846 55 795 309 4 1868 1077 1817 1331 4 846 55 1077 1868 4 795 55 1077 1817 4 795 309 1331 1817 4 309 846 1868 1331 6 4 268 861 809 517 4 1290 1883 1831 1539 4 268 861 1883 1290 4 861 809 1831 1883 4 809 517 1539 1831 4 517 268 1290 1539 6 4 861 157 272 809 4 1883 1179 1294 1831 4 861 157 1179 1883 4 157 272 1294 1179 4 272 809 1831 1294 4 861 809 1831 1883 6 4 864 838 272 157 4 1886 1860 1294 1179 4 864 838 1860 1886 4 838 272 1294 1860 4 157 272 1294 1179 4 157 864 1886 1179 6 4 822 870 846 151 4 1844 1892 1868 1173 4 822 870 1892 1844 4 870 846 1868 1892 4 846 151 1173 1868 4 151 822 1844 1173 6 4 870 276 55 846 4 1892 1298 1077 1868 4 870 276 1298 1892 4 55 276 1298 1077 4 846 55 1077 1868 4 870 846 1868 1892 6 4 170 238 861 268 4 1192 1260 1883 1290 4 170 238 1260 1192 4 238 861 1883 1260 4 268 861 1883 1290 4 268 170 1192 1290 6 4 238 886 157 861 4 1260 1908 1179 1883 4 238 886 1908 1260 4 886 157 1179 1908 4 861 157 1179 1883 4 238 861 1883 1260 6 4 847 896 870 822 4 1869 1918 1892 1844 4 847 896 1918 1869 4 896 870 1892 1918 4 822 870 1892 1844 4 822 847 1869 1844 6 4 896 898 276 870 4 1918 1920 1298 1892 4 896 898 1920 1918 4 276 898 1920 1298 4 870 276 1298 1892 4 896 870 1892 1918 6 4 450 913 886 238 4 1472 1935 1908 1260 4 450 913 1935 1472 4 913 886 1908 1935 4 238 886 1908 1260 4 238 450 1472 1260 6 4 743 872 896 847 4 1765 1894 1918 1869 4 743 872 1894 1765 4 872 896 1918 1894 4 847 896 1918 1869 4 847 743 1765 1869 6 4 872 849 898 896 4 1894 1871 1920 1918 4 872 849 1871 1894 4 898 849 1871 1920 4 896 898 1920 1918 4 872 896 1918 1894 6 4 900 454 270 874 4 1922 1476 1292 1896 4 900 454 1476 1922 4 454 270 1292 1476 4 270 874 1896 1292 4 900 874 1896 1922 6 4 454 451 431 270 4 1476 1473 1453 1292 4 454 451 1473 1476 4 451 431 1453 1473 4 431 270 1292 1453 4 454 270 1292 1476 6 4 438 889 913 450 4 1460 1911 1935 1472 4 438 889 1911 1460 4 889 913 1935 1911 4 450 913 1935 1472 4 450 438 1460 1472 6 4 889 890 453 913 4 1911 1912 1475 1935 4 889 890 1912 1911 4 890 453 1475 1912 4 453 913 1935 1475 4 889 913 1935 1911 6 4 890 464 915 453 4 1912 1486 1937 1475 4 890 464 1486 1912 4 464 915 1937 1486 4 453 915 1937 1475 4 890 453 1475 1912 6 4 464 149 463 915 4 1486 1171 1485 1937 4 464 149 1171 1486 4 149 463 1485 1171 4 463 915 1937 1485 4 464 915 1937 1486 6 4 824 899 849 872 4 1846 1921 1871 1894 4 824 899 1921 1846 4 849 899 1921 1871 4 872 849 1871 1894 4 872 824 1846 1894 6 4 922 461 454 900 4 1944 1483 1476 1922 4 461 922 1944 1483 4 461 454 1476 1483 4 900 454 1476 1922 4 922 900 1922 1944 6 4 461 462 451 454 4 1483 1484 1473 1476 4 462 461 1483 1484 4 462 451 1473 1484 4 454 451 1473 1476 4 461 454 1476 1483 6 4 462 457 446 451 4 1484 1479 1468 1473 4 457 462 1484 1479 4 457 446 1468 1479 4 446 451 1473 1468 4 462 451 1473 1484 6 4 457 458 440 446 4 1479 1480 1462 1468 4 458 457 1479 1480 4 458 440 1462 1480 4 440 446 1468 1462 4 457 446 1468 1479 6 4 338 242 149 464 4 1360 1264 1171 1486 4 338 242 1264 1360 4 242 149 1171 1264 4 464 149 1171 1486 4 464 338 1360 1486 6 4 921 943 899 824 4 1943 1965 1921 1846 4 921 943 1965 1943 4 899 943 1965 1921 4 824 899 1921 1846 4 824 921 1943 1846 7 5 144 274 568 0 569 5 1166 1296 1590 1022 1591 4 144 274 1296 1166 4 274 568 1590 1296 4 568 0 1022 1590 4 0 569 1591 1022 4 569 144 1166 1591 7 5 279 165 569 0 548 5 1301 1187 1591 1022 1570 4 279 165 1187 1301 4 165 569 1591 1187 4 0 569 1591 1022 4 0 548 1570 1022 4 548 279 1301 1570 7 5 278 588 567 587 24 5 1300 1610 1589 1609 1046 4 278 588 1610 1300 4 588 567 1589 1610 4 567 587 1609 1589 4 587 24 1046 1609 4 24 278 1300 1046 7 5 13 287 278 24 546 5 1035 1309 1300 1046 1568 4 13 287 1309 1035 4 287 278 1300 1309 4 24 278 1300 1046 4 24 546 1568 1046 4 546 13 1035 1568 7 5 632 15 610 586 71 5 1654 1037 1632 1608 1093 4 632 15 1037 1654 4 610 15 1037 1632 4 610 586 1608 1632 4 586 71 1093 1608 4 632 71 1093 1654 7 5 33 27 654 117 108 5 1055 1049 1676 1139 1130 4 33 27 1049 1055 4 27 654 1676 1049 4 654 117 1139 1676 4 117 108 1130 1139 4 108 33 1055 1130 7 5 176 651 104 105 180 5 1198 1673 1126 1127 1202 4 176 651 1673 1198 4 651 104 1126 1673 4 104 105 1127 1126 4 105 180 1202 1127 4 180 176 1198 1202 7 5 154 162 702 185 673 5 1176 1184 1724 1207 1695 4 154 162 1184 1176 4 162 702 1724 1184 4 702 185 1207 1724 4 185 673 1695 1207 4 154 673 1695 1176 7 5 346 351 72 755 350 5 1368 1373 1094 1777 1372 4 346 351 1373 1368 4 351 72 1094 1373 4 72 755 1777 1094 4 755 350 1372 1777 4 350 346 1368 1372 7 5 239 26 779 363 520 5 1261 1048 1801 1385 1542 4 239 26 1048 1261 4 26 779 1801 1048 4 779 363 1385 1801 4 363 520 1542 1385 4 520 239 1261 1542 7 5 805 808 520 363 30 5 1827 1830 1542 1385 1052 4 805 808 1830 1827 4 808 520 1542 1830 4 363 520 1542 1385 4 363 30 1052 1385 4 30 805 1827 1052 7 5 225 224 232 127 229 5 1247 1246 1254 1149 1251 4 225 224 1246 1247 4 224 232 1254 1246 4 232 127 1149 1254 4 229 127 1149 1251 4 229 225 1247 1251 7 5 855 417 418 248 827 5 1877 1439 1440 1270 1849 4 855 417 1439 1877 4 418 417 1439 1440 4 418 248 1270 1440 4 248 827 1849 1270 4 827 855 1877 1849 7 5 67 420 414 415 878 5 1089 1442 1436 1437 1900 4 67 420 1442 1089 4 414 420 1442 1436 4 414 415 1437 1436 4 415 878 1900 1437 4 878 67 1089 1900 7 5 74 534 541 402 75 5 1096 1556 1563 1424 1097 4 74 534 1556 1096 4 534 541 1563 1556 4 541 402 1424 1563 4 75 402 1424 1097 4 75 74 1096 1097 7 5 557 398 79 78 542 5 1579 1420 1101 1100 1564 4 557 398 1420 1579 4 398 79 1101 1420 4 79 78 1100 1101 4 542 78 1100 1564 4 542 557 1579 1564 7 5 559 539 82 79 398 5 1581 1561 1104 1101 1420 4 559 539 1561 1581 4 539 82 1104 1561 4 82 79 1101 1104 4 398 79 1101 1420 4 398 559 1581 1420 7 5 539 558 86 83 82 5 1561 1580 1108 1105 1104 4 539 558 1580 1561 4 86 558 1580 1108 4 86 83 1105 1108 4 83 82 1104 1105 4 539 82 1104 1561 7 5 34 193 94 543 38 5 1056 1215 1116 1565 1060 4 34 193 1215 1056 4 193 94 1116 1215 4 94 543 1565 1116 4 38 543 1565 1060 4 38 34 1056 1060 7 5 193 32 98 95 94 5 1215 1054 1120 1117 1116 4 193 32 1054 1215 4 32 98 1120 1054 4 98 95 1117 1120 4 95 94 1116 1117 4 193 94 1116 1215 7 5 8 562 98 32 580 5 1030 1584 1120 1054 1602 4 8 562 1584 1030 4 562 98 1120 1584 4 32 98 1120 1054 4 32 580 1602 1054 4 580 8 1030 1602 7 5 191 70 582 8 580 5 1213 1092 1604 1030 1602 4 191 70 1092 1213 4 70 582 1604 1092 4 582 8 1030 1604 4 580 8 1030 1602 4 580 191 1213 1602 7 5 602 69 103 582 70 5 1624 1091 1125 1604 1092 4 602 69 1091 1624 4 69 103 1125 1091 4 103 582 1604 1125 4 70 582 1604 1092 4 70 602 1624 1092 7 5 69 73 106 564 103 5 1091 1095 1128 1586 1125 4 69 73 1095 1091 4 106 73 1095 1128 4 106 564 1586 1128 4 564 103 1125 1586 4 69 103 1125 1091 7 5 110 107 583 604 76 5 1132 1129 1605 1626 1098 4 110 107 1129 1132 4 107 583 1605 1129 4 604 583 1605 1626 4 604 76 1098 1626 4 76 110 1132 1098 7 5 80 85 111 16 605 5 1102 1107 1133 1038 1627 4 80 85 1107 1102 4 111 85 1107 1133 4 111 16 1038 1133 4 16 605 1627 1038 4 605 80 1102 1627 7 5 112 119 630 631 652 5 1134 1141 1652 1653 1674 4 112 119 1141 1134 4 119 630 1652 1141 4 630 631 1653 1652 4 652 631 1653 1674 4 652 112 1134 1674 7 5 112 116 122 120 119 5 1134 1138 1144 1142 1141 4 112 116 1138 1134 4 116 122 1144 1138 4 120 122 1144 1142 4 120 119 1141 1142 4 112 119 1141 1134 7 5 681 177 611 655 676 5 1703 1199 1633 1677 1698 4 681 177 1199 1703 4 177 611 1633 1199 4 611 655 1677 1633 4 676 655 1677 1698 4 676 681 1703 1698 7 5 708 680 682 679 39 5 1730 1702 1704 1701 1061 4 708 680 1702 1730 4 680 682 1704 1702 4 682 679 1701 1704 4 679 39 1061 1701 4 39 708 1730 1061 7 5 939 917 942 2 941 5 1961 1939 1964 1024 1963 4 939 917 1939 1961 4 942 917 1939 1964 4 942 2 1024 1964 4 2 941 1963 1024 4 941 939 1961 1963 7 5 919 273 897 334 918 5 1941 1295 1919 1356 1940 4 919 273 1295 1941 4 273 897 1919 1295 4 334 897 1919 1356 4 334 918 1940 1356 4 918 919 1941 1940 7 5 332 160 51 869 868 5 1354 1182 1073 1891 1890 4 332 160 1182 1354 4 160 51 1073 1182 4 51 869 1891 1073 4 869 868 1890 1891 4 868 332 1354 1890 7 5 322 842 319 839 166 5 1344 1864 1341 1861 1188 4 322 842 1864 1344 4 842 319 1341 1864 4 319 839 1861 1341 4 839 166 1188 1861 4 166 322 1344 1188 7 5 816 839 319 314 815 5 1838 1861 1341 1336 1837 4 816 839 1861 1838 4 319 839 1861 1341 4 319 314 1336 1341 4 314 815 1837 1336 4 815 816 1838 1837 7 5 817 785 306 789 507 5 1839 1807 1328 1811 1529 4 817 785 1807 1839 4 785 306 1328 1807 4 306 789 1811 1328 4 789 507 1529 1811 4 507 817 1839 1529 7 5 509 507 789 763 788 5 1531 1529 1811 1785 1810 4 509 507 1529 1531 4 789 507 1529 1811 4 789 763 1785 1811 4 763 788 1810 1785 4 788 509 1531 1810 7 5 728 759 497 498 731 5 1750 1781 1519 1520 1753 4 728 759 1781 1750 4 759 497 1519 1781 4 497 498 1520 1519 4 498 731 1753 1520 4 728 731 1753 1750 7 5 183 182 172 704 703 5 1205 1204 1194 1726 1725 4 183 182 1204 1205 4 182 172 1194 1204 4 172 704 1726 1194 4 704 703 1725 1726 4 703 183 1205 1725 7 5 674 101 190 188 97 5 1696 1123 1212 1210 1119 4 674 101 1123 1696 4 101 190 1212 1123 4 190 188 1210 1212 4 188 97 1119 1210 4 97 674 1696 1119 7 5 101 675 109 647 190 5 1123 1697 1131 1669 1212 4 101 675 1697 1123 4 675 109 1131 1697 4 109 647 1669 1131 4 647 190 1212 1669 4 101 190 1212 1123 7 5 646 647 109 100 649 5 1668 1669 1131 1122 1671 4 646 647 1669 1668 4 109 647 1669 1131 4 109 100 1122 1131 4 100 649 1671 1122 4 649 646 1668 1671 7 5 625 187 77 197 624 5 1647 1209 1099 1219 1646 4 625 187 1209 1647 4 187 77 1099 1209 4 77 197 1219 1099 4 197 624 1646 1219 4 624 625 1647 1646 7 5 600 197 77 603 189 5 1622 1219 1099 1625 1211 4 600 197 1219 1622 4 77 197 1219 1099 4 77 603 1625 1099 4 603 189 1211 1625 4 189 600 1622 1211 7 5 601 28 581 44 48 5 1623 1050 1603 1066 1070 4 601 28 1050 1623 4 28 581 1603 1050 4 581 44 1066 1603 4 44 48 1070 1066 4 48 601 1623 1070 7 5 210 207 378 387 748 5 1232 1229 1400 1409 1770 4 210 207 1229 1232 4 207 378 1400 1229 4 378 387 1409 1400 4 387 748 1770 1409 4 210 748 1770 1232 7 5 60 747 721 749 388 5 1082 1769 1743 1771 1410 4 60 747 1769 1082 4 747 721 1743 1769 4 721 749 1771 1743 4 388 749 1771 1410 4 388 60 1082 1410 7 5 775 394 214 721 747 5 1797 1416 1236 1743 1769 4 775 394 1416 1797 4 394 214 1236 1416 4 214 721 1743 1236 4 747 721 1743 1769 4 747 775 1797 1769 7 5 394 773 218 215 214 5 1416 1795 1240 1237 1236 4 394 773 1795 1416 4 773 218 1240 1795 4 218 215 1237 1240 4 215 214 1236 1237 4 394 214 1236 1416 7 5 219 750 218 773 776 5 1241 1772 1240 1795 1798 4 219 750 1772 1241 4 750 218 1240 1772 4 773 218 1240 1795 4 773 776 1798 1795 4 219 776 1798 1241 7 5 217 774 777 222 202 5 1239 1796 1799 1244 1224 4 217 774 1796 1239 4 777 774 1796 1799 4 777 222 1244 1799 4 202 222 1244 1224 4 202 217 1239 1224 7 5 216 804 227 46 226 5 1238 1826 1249 1068 1248 4 216 804 1826 1238 4 804 227 1249 1826 4 227 46 1068 1249 4 46 226 1248 1068 4 226 216 1238 1248 7 5 225 229 230 227 804 5 1247 1251 1252 1249 1826 4 229 225 1247 1251 4 230 229 1251 1252 4 230 227 1249 1252 4 804 227 1249 1826 4 804 225 1247 1826 7 5 860 833 250 153 147 5 1882 1855 1272 1175 1169 4 860 833 1855 1882 4 833 250 1272 1855 4 153 250 1272 1175 4 153 147 1169 1175 4 147 860 1882 1169 7 5 881 146 515 860 147 5 1903 1168 1537 1882 1169 4 881 146 1168 1903 4 146 515 1537 1168 4 515 860 1882 1537 4 147 860 1882 1169 4 147 881 1903 1169 7 5 884 882 258 515 146 5 1906 1904 1280 1537 1168 4 884 882 1904 1906 4 882 258 1280 1904 4 258 515 1537 1280 4 146 515 1537 1168 4 146 884 1906 1168 7 5 882 249 513 835 258 5 1904 1271 1535 1857 1280 4 882 249 1271 1904 4 513 249 1271 1535 4 513 835 1857 1535 4 835 258 1280 1857 4 882 258 1280 1904 7 5 161 167 862 419 253 5 1183 1189 1884 1441 1275 4 161 167 1189 1183 4 167 862 1884 1189 4 419 862 1884 1441 4 419 253 1275 1441 4 253 161 1183 1275 7 5 257 252 885 161 253 5 1279 1274 1907 1183 1275 4 257 252 1274 1279 4 885 252 1274 1907 4 885 161 1183 1907 4 253 161 1183 1275 4 253 257 1279 1275 7 5 261 911 259 863 156 5 1283 1933 1281 1885 1178 4 261 911 1933 1283 4 911 259 1281 1933 4 259 863 1885 1281 4 863 156 1178 1885 4 156 261 1283 1178 7 5 240 887 259 911 260 5 1262 1909 1281 1933 1282 4 240 887 1909 1262 4 887 259 1281 1909 4 911 259 1281 1933 4 911 260 1282 1933 4 260 240 1262 1282 7 5 240 260 265 264 813 5 1262 1282 1287 1286 1835 4 260 240 1262 1282 4 260 265 1287 1282 4 265 264 1286 1287 4 264 813 1835 1286 4 813 240 1262 1835 7 5 813 264 445 269 912 5 1835 1286 1467 1291 1934 4 264 813 1835 1286 4 264 445 1467 1286 4 445 269 1291 1467 4 269 912 1934 1291 4 912 813 1835 1934 7 5 932 912 269 447 448 5 1954 1934 1291 1469 1470 4 932 912 1934 1954 4 269 912 1934 1291 4 269 447 1469 1291 4 447 448 1470 1469 4 448 932 1954 1470 7 5 280 277 690 45 662 5 1302 1299 1712 1067 1684 4 280 277 1299 1302 4 277 690 1712 1299 4 690 45 1067 1712 4 45 662 1684 1067 4 662 280 1302 1684 7 5 771 280 662 7 281 5 1793 1302 1684 1029 1303 4 771 280 1302 1793 4 662 280 1302 1684 4 662 7 1029 1684 4 281 7 1029 1303 4 281 771 1793 1303 7 5 285 744 47 688 715 5 1307 1766 1069 1710 1737 4 285 744 1766 1307 4 47 744 1766 1069 4 47 688 1710 1069 4 688 715 1737 1710 4 715 285 1307 1737 7 5 288 285 715 742 158 5 1310 1307 1737 1764 1180 4 288 285 1307 1310 4 715 285 1307 1737 4 715 742 1764 1737 4 742 158 1180 1764 4 158 288 1310 1180 7 5 292 289 288 158 159 5 1314 1311 1310 1180 1181 4 292 289 1311 1314 4 289 288 1310 1311 4 158 288 1310 1180 4 158 159 1181 1180 4 292 159 1181 1314 7 5 770 293 469 480 296 5 1792 1315 1491 1502 1318 4 770 293 1315 1792 4 469 293 1315 1491 4 469 480 1502 1491 4 480 296 1318 1502 4 296 770 1792 1318 7 5 304 300 297 169 768 5 1326 1322 1319 1191 1790 4 304 300 1322 1326 4 300 297 1319 1322 4 169 297 1319 1191 4 169 768 1790 1191 4 304 768 1790 1326 7 5 796 141 473 475 305 5 1818 1163 1495 1497 1327 4 796 141 1163 1818 4 473 141 1163 1495 4 473 475 1497 1495 4 475 305 1327 1497 4 305 796 1818 1327 7 5 312 794 308 767 479 5 1334 1816 1330 1789 1501 4 312 794 1816 1334 4 794 308 1330 1816 4 308 767 1789 1330 4 767 479 1501 1789 4 312 479 1501 1334 7 5 823 145 793 481 313 5 1845 1167 1815 1503 1335 4 823 145 1167 1845 4 793 145 1167 1815 4 793 481 1503 1815 4 481 313 1335 1503 4 313 823 1845 1335 7 5 313 481 483 295 821 5 1335 1503 1505 1317 1843 4 481 313 1335 1503 4 481 483 1505 1503 4 483 295 1317 1505 4 295 821 1843 1317 4 821 313 1335 1843 7 5 316 821 295 791 792 5 1338 1843 1317 1813 1814 4 316 821 1843 1338 4 295 821 1843 1317 4 295 791 1813 1317 4 791 792 1814 1813 4 792 316 1338 1814 7 5 320 317 316 792 299 5 1342 1339 1338 1814 1321 4 320 317 1339 1342 4 317 316 1338 1339 4 792 316 1338 1814 4 792 299 1321 1814 4 320 299 1321 1342 7 5 845 321 820 735 843 5 1867 1343 1842 1757 1865 4 845 321 1343 1867 4 820 321 1343 1842 4 820 735 1757 1842 4 735 843 1865 1757 4 843 845 1867 1865 7 5 324 843 735 315 819 5 1346 1865 1757 1337 1841 4 324 843 1865 1346 4 735 843 1865 1757 4 735 315 1337 1757 4 315 819 1841 1337 4 819 324 1346 1841 7 5 325 324 819 318 323 5 1347 1346 1841 1340 1345 4 325 324 1346 1347 4 819 324 1346 1841 4 819 318 1340 1841 4 318 323 1345 1340 4 323 325 1347 1345 7 5 328 150 325 323 841 5 1350 1172 1347 1345 1863 4 328 150 1172 1350 4 150 325 1347 1172 4 323 325 1347 1345 4 323 841 1863 1345 4 841 328 1350 1863 7 5 867 333 331 329 231 5 1889 1355 1353 1351 1253 4 867 333 1355 1889 4 333 331 1353 1355 4 329 331 1353 1351 4 329 231 1253 1351 4 231 867 1889 1253 7 5 255 782 65 345 344 5 1277 1804 1087 1367 1366 4 255 782 1804 1277 4 782 65 1087 1804 4 65 345 1367 1087 4 345 344 1366 1367 4 344 255 1277 1366 7 5 755 22 354 353 350 5 1777 1044 1376 1375 1372 4 755 22 1044 1777 4 354 22 1044 1376 4 354 353 1375 1376 4 353 350 1372 1375 4 755 350 1372 1777 7 5 370 368 195 84 192 5 1392 1390 1217 1106 1214 4 370 368 1390 1392 4 195 368 1390 1217 4 195 84 1106 1217 4 84 192 1214 1106 4 192 370 1392 1214 7 5 723 361 699 374 371 5 1745 1383 1721 1396 1393 4 723 361 1383 1745 4 361 699 1721 1383 4 374 699 1721 1396 4 374 371 1393 1396 4 371 723 1745 1393 7 5 666 390 373 645 621 5 1688 1412 1395 1667 1643 4 666 390 1412 1688 4 373 390 1412 1395 4 373 645 1667 1395 4 645 621 1643 1667 4 621 666 1688 1643 7 5 396 665 668 381 380 5 1418 1687 1690 1403 1402 4 396 665 1687 1418 4 665 668 1690 1687 4 668 381 1403 1690 4 381 380 1402 1403 4 396 380 1402 1418 7 5 641 404 620 54 598 5 1663 1426 1642 1076 1620 4 641 404 1426 1663 4 620 404 1426 1642 4 620 54 1076 1642 4 54 598 1620 1076 4 598 641 1663 1620 7 5 642 392 391 407 405 5 1664 1414 1413 1429 1427 4 642 392 1414 1664 4 392 391 1413 1414 4 407 391 1413 1429 4 407 405 1427 1429 4 405 642 1664 1427 7 5 852 746 412 66 825 5 1874 1768 1434 1088 1847 4 852 746 1768 1874 4 746 412 1434 1768 4 412 66 1088 1434 4 66 825 1847 1088 4 825 852 1874 1847 7 5 138 423 857 424 421 5 1160 1445 1879 1446 1443 4 138 423 1445 1160 4 423 857 1879 1445 4 857 424 1446 1879 4 424 421 1443 1446 4 421 138 1160 1443 7 5 905 422 880 428 879 5 1927 1444 1902 1450 1901 4 905 422 1444 1927 4 422 880 1902 1444 4 880 428 1450 1902 4 428 879 1901 1450 4 879 905 1927 1901 7 5 422 876 432 858 880 5 1444 1898 1454 1880 1902 4 422 876 1898 1444 4 876 432 1454 1898 4 432 858 1880 1454 4 858 880 1902 1880 4 422 880 1902 1444 7 5 906 875 139 432 876 5 1928 1897 1161 1454 1898 4 906 875 1897 1928 4 139 875 1897 1161 4 139 432 1454 1161 4 876 432 1454 1898 4 876 906 1928 1898 7 5 429 271 883 436 433 5 1451 1293 1905 1458 1455 4 429 271 1293 1451 4 271 883 1905 1293 4 883 436 1458 1905 4 436 433 1455 1458 4 429 433 1455 1451 7 5 929 903 909 439 907 5 1951 1925 1931 1461 1929 4 929 903 1925 1951 4 903 909 1931 1925 4 909 439 1461 1931 4 439 907 1929 1461 4 907 929 1951 1929 7 5 930 430 444 910 901 5 1952 1452 1466 1932 1923 4 930 430 1452 1952 4 430 444 1466 1452 4 444 910 1932 1466 4 901 910 1932 1923 4 901 930 1952 1923 7 5 435 434 447 269 445 5 1457 1456 1469 1291 1467 4 435 434 1456 1457 4 434 447 1469 1456 4 269 447 1469 1291 4 445 269 1291 1467 4 445 435 1457 1467 7 5 927 928 934 452 262 5 1949 1950 1956 1474 1284 4 927 928 1950 1949 4 928 934 1956 1950 4 934 452 1474 1956 4 452 262 1284 1474 4 927 262 1284 1949 7 5 948 925 914 934 928 5 1970 1947 1936 1956 1950 4 948 925 1947 1970 4 914 925 1947 1936 4 914 934 1956 1936 4 928 934 1956 1950 4 928 948 1970 1950 7 5 923 924 459 456 455 5 1945 1946 1481 1478 1477 4 923 924 1946 1945 4 924 459 1481 1946 4 459 456 1478 1481 4 456 455 1477 1478 4 923 455 1477 1945 7 5 460 935 459 924 949 5 1482 1957 1481 1946 1971 4 935 460 1482 1957 4 935 459 1481 1957 4 924 459 1481 1946 4 924 949 1971 1946 4 460 949 1971 1482 7 5 964 952 465 944 984 5 1986 1974 1487 1966 2006 4 964 952 1974 1986 4 952 465 1487 1974 4 944 465 1487 1966 4 944 984 2006 1966 4 984 964 1986 2006 7 5 965 954 938 952 964 5 1987 1976 1960 1974 1986 4 965 954 1976 1987 4 954 938 1960 1976 4 938 952 1974 1960 4 964 952 1974 1986 4 964 965 1987 1986 7 5 472 638 661 474 691 5 1494 1660 1683 1496 1713 4 472 638 1660 1494 4 638 661 1683 1660 4 661 474 1496 1683 4 474 691 1713 1496 4 691 472 1494 1713 7 5 474 661 573 637 689 5 1496 1683 1595 1659 1711 4 661 474 1496 1683 4 661 573 1595 1683 4 573 637 1659 1595 4 689 637 1659 1711 4 689 474 1496 1711 7 5 476 478 660 552 687 5 1498 1500 1682 1574 1709 4 476 478 1500 1498 4 660 478 1500 1682 4 660 552 1574 1682 4 552 687 1709 1574 4 476 687 1709 1498 7 5 713 482 659 685 484 5 1735 1504 1681 1707 1506 4 713 482 1504 1735 4 482 659 1681 1504 4 659 685 1707 1681 4 685 484 1506 1707 4 484 713 1735 1506 7 5 484 685 3 658 712 5 1506 1707 1025 1680 1734 4 685 484 1506 1707 4 685 3 1025 1707 4 3 658 1680 1025 4 658 712 1734 1680 4 712 484 1506 1734 7 5 487 712 658 710 684 5 1509 1734 1680 1732 1706 4 487 712 1734 1509 4 658 712 1734 1680 4 658 710 1732 1680 4 710 684 1706 1732 4 684 487 1509 1706 7 5 492 738 49 709 43 5 1514 1760 1071 1731 1065 4 492 738 1760 1514 4 738 49 1071 1760 4 49 709 1731 1071 4 709 43 1065 1731 4 43 492 1514 1065 7 5 737 492 43 41 495 5 1759 1514 1065 1063 1517 4 737 492 1514 1759 4 43 492 1514 1065 4 43 41 1063 1065 4 495 41 1063 1517 4 495 737 1759 1517 7 5 762 707 489 499 764 5 1784 1729 1511 1521 1786 4 762 707 1729 1784 4 707 489 1511 1729 4 489 499 1521 1511 4 499 764 1786 1521 4 764 762 1784 1786 7 5 500 499 489 733 706 5 1522 1521 1511 1755 1728 4 500 499 1521 1522 4 489 499 1521 1511 4 489 733 1755 1511 4 733 706 1728 1755 4 500 706 1728 1522 7 5 761 505 504 506 175 5 1783 1527 1526 1528 1197 4 761 505 1527 1783 4 505 504 1526 1527 4 504 506 1528 1526 4 506 175 1197 1528 4 761 175 1197 1783 7 5 512 179 57 758 786 5 1534 1201 1079 1780 1808 4 179 512 1534 1201 4 179 57 1079 1201 4 57 758 1780 1079 4 758 786 1808 1780 4 786 512 1534 1808 7 5 518 516 140 783 251 5 1540 1538 1162 1805 1273 4 518 516 1538 1540 4 516 140 1162 1538 4 140 783 1805 1162 4 783 251 1273 1805 4 518 251 1273 1540 7 5 975 274 144 550 976 5 1997 1296 1166 1572 1998 4 975 274 1296 1997 4 144 274 1296 1166 4 144 550 1572 1166 4 976 550 1572 1998 4 976 975 1997 1998 7 5 549 548 0 568 547 5 1571 1570 1022 1590 1569 4 549 548 1570 1571 4 0 548 1570 1022 4 568 0 1022 1590 4 568 547 1569 1590 4 547 549 1571 1569 7 5 566 546 24 587 4 5 1588 1568 1046 1609 1026 4 566 546 1568 1588 4 24 546 1568 1046 4 587 24 1046 1609 4 587 4 1026 1609 4 4 566 1588 1026 7 5 287 282 591 588 278 5 1309 1304 1613 1610 1300 4 287 282 1304 1309 4 282 591 1613 1304 4 591 588 1610 1613 4 278 588 1610 1300 4 287 278 1300 1309 7 5 27 29 25 23 654 5 1049 1051 1047 1045 1676 4 27 29 1051 1049 4 29 25 1047 1051 4 25 23 1045 1047 4 23 654 1676 1045 4 27 654 1676 1049 7 5 638 593 592 573 661 5 1660 1615 1614 1595 1683 4 638 593 1615 1660 4 593 592 1614 1615 4 592 573 1595 1614 4 661 573 1595 1683 4 638 661 1683 1660 7 5 101 674 105 104 675 5 1123 1696 1127 1126 1697 4 674 101 1123 1696 4 674 105 1127 1696 4 104 105 1127 1126 4 104 675 1697 1126 4 101 675 1697 1123 7 5 659 590 683 3 685 5 1681 1612 1705 1025 1707 4 659 590 1612 1681 4 590 683 1705 1612 4 683 3 1025 1705 4 685 3 1025 1707 4 659 685 1707 1681 7 5 162 183 703 164 702 5 1184 1205 1725 1186 1724 4 162 183 1205 1184 4 703 183 1205 1725 4 703 164 1186 1725 4 164 702 1724 1186 4 162 702 1724 1184 7 5 283 709 49 684 710 5 1305 1731 1071 1706 1732 4 283 709 1731 1305 4 49 709 1731 1071 4 49 684 1706 1071 4 710 684 1706 1732 4 710 283 1305 1732 7 5 61 174 729 700 59 5 1083 1196 1751 1722 1081 4 61 174 1196 1083 4 174 729 1751 1196 4 729 700 1722 1751 4 700 59 1081 1722 4 61 59 1081 1083 7 5 37 733 489 707 734 5 1059 1755 1511 1729 1756 4 37 733 1755 1059 4 489 733 1755 1511 4 707 489 1511 1729 4 707 734 1756 1729 4 734 37 1059 1756 7 5 496 302 737 495 736 5 1518 1324 1759 1517 1758 4 496 302 1324 1518 4 302 737 1759 1324 4 495 737 1759 1517 4 736 495 1517 1758 4 736 496 1518 1758 7 5 72 754 356 22 755 5 1094 1776 1378 1044 1777 4 72 754 1776 1094 4 754 356 1378 1776 4 22 356 1378 1044 4 755 22 1044 1777 4 72 755 1777 1094 7 5 485 760 501 505 761 5 1507 1782 1523 1527 1783 4 485 760 1782 1507 4 760 501 1523 1782 4 501 505 1527 1523 4 761 505 1527 1783 4 485 761 1783 1507 7 5 36 30 363 779 778 5 1058 1052 1385 1801 1800 4 36 30 1052 1058 4 363 30 1052 1385 4 779 363 1385 1801 4 779 778 1800 1801 4 778 36 1058 1800 7 5 727 783 140 784 267 5 1749 1805 1162 1806 1289 4 727 783 1805 1749 4 140 783 1805 1162 4 140 784 1806 1162 4 784 267 1289 1806 4 267 727 1749 1289 7 5 794 309 796 305 308 5 1816 1331 1818 1327 1330 4 794 309 1331 1816 4 309 796 1818 1331 4 305 796 1818 1327 4 305 308 1330 1327 4 794 308 1330 1816 7 5 524 517 811 810 523 5 1546 1539 1833 1832 1545 4 524 517 1539 1546 4 517 811 1833 1539 4 811 810 1832 1833 4 810 523 1545 1832 4 523 524 1546 1545 7 5 1011 850 852 825 1008 5 2033 1872 1874 1847 2030 4 850 1011 2033 1872 4 850 852 1874 1872 4 825 852 1874 1847 4 825 1008 2030 1847 4 1008 1011 2033 2030 7 5 58 855 827 208 853 5 1080 1877 1849 1230 1875 4 58 855 1877 1080 4 827 855 1877 1849 4 827 208 1230 1849 4 208 853 1875 1230 4 853 58 1080 1875 7 5 335 332 868 333 867 5 1357 1354 1890 1355 1889 4 335 332 1354 1357 4 868 332 1354 1890 4 868 333 1355 1890 4 867 333 1355 1889 4 867 335 1357 1889 7 5 986 947 926 443 985 5 2008 1969 1948 1465 2007 4 986 947 1969 2008 4 947 926 1948 1969 4 926 443 1465 1948 4 985 443 1465 2007 4 985 986 2008 2007 7 5 1017 943 959 961 1021 5 2039 1965 1981 1983 2043 4 943 1017 2039 1965 4 943 959 1981 1965 4 959 961 1983 1981 4 961 1021 2043 1983 4 1021 1017 2039 2043 7 5 968 554 403 538 967 5 1990 1576 1425 1560 1989 4 554 968 1990 1576 4 403 554 1576 1425 4 538 403 1425 1560 4 538 967 1989 1560 4 967 968 1990 1989 7 5 555 537 541 534 540 5 1577 1559 1563 1556 1562 4 537 555 1577 1559 4 537 541 1563 1559 4 534 541 1563 1556 4 534 540 1562 1556 4 555 540 1562 1577 7 5 974 547 568 274 975 5 1996 1569 1590 1296 1997 4 547 974 1996 1569 4 568 547 1569 1590 4 274 568 1590 1296 4 975 274 1296 1997 4 975 974 1996 1997 7 5 165 11 550 144 569 5 1187 1033 1572 1166 1591 4 165 11 1033 1187 4 550 11 1033 1572 4 144 550 1572 1166 4 569 144 1166 1591 4 165 569 1591 1187 7 5 16 14 107 110 605 5 1038 1036 1129 1132 1627 4 16 14 1036 1038 4 14 107 1129 1036 4 110 107 1129 1132 4 110 605 1627 1132 4 16 605 1627 1038 7 5 205 644 623 377 619 5 1227 1666 1645 1399 1641 4 644 205 1227 1666 4 644 623 1645 1666 4 623 377 1399 1645 4 377 619 1641 1399 4 205 619 1641 1227 7 5 54 389 392 642 598 5 1076 1411 1414 1664 1620 4 54 389 1411 1076 4 389 392 1414 1411 4 642 392 1414 1664 4 642 598 1620 1664 4 54 598 1620 1076 7 5 670 648 622 644 365 5 1692 1670 1644 1666 1387 4 670 648 1670 1692 4 648 622 1644 1670 4 622 644 1666 1644 4 365 644 1666 1387 4 670 365 1387 1692 7 5 670 646 649 599 648 5 1692 1668 1671 1621 1670 4 670 646 1668 1692 4 649 646 1668 1671 4 649 599 1621 1671 4 599 648 1670 1621 4 670 648 1670 1692 7 5 657 486 168 291 290 5 1679 1508 1190 1313 1312 4 657 486 1508 1679 4 168 486 1508 1190 4 291 168 1190 1313 4 291 290 1312 1313 4 290 657 1679 1312 7 5 692 393 667 397 664 5 1714 1415 1689 1419 1686 4 393 692 1714 1415 4 393 667 1689 1415 4 667 397 1419 1689 4 397 664 1686 1419 4 692 664 1686 1714 7 5 645 376 381 668 621 5 1667 1398 1403 1690 1643 4 645 376 1398 1667 4 376 381 1403 1398 4 668 381 1403 1690 4 668 621 1643 1690 4 645 621 1643 1667 7 5 705 39 679 177 681 5 1727 1061 1701 1199 1703 4 705 39 1061 1727 4 679 39 1061 1701 4 679 177 1199 1701 4 681 177 1199 1703 4 681 705 1727 1703 7 5 680 283 486 657 682 5 1702 1305 1508 1679 1704 4 680 283 1305 1702 4 283 486 1508 1305 4 657 486 1508 1679 4 657 682 1704 1679 4 680 682 1704 1702 7 5 382 695 693 393 718 5 1404 1717 1715 1415 1740 4 382 695 1717 1404 4 695 693 1715 1717 4 693 393 1415 1715 4 718 393 1415 1740 4 718 382 1404 1740 7 5 493 35 677 704 172 5 1515 1057 1699 1726 1194 4 493 35 1057 1515 4 35 677 1699 1057 4 677 704 1726 1699 4 172 704 1726 1194 4 172 493 1515 1194 7 5 494 37 705 35 493 5 1516 1059 1727 1057 1515 4 494 37 1059 1516 4 37 705 1727 1059 4 705 35 1057 1727 4 493 35 1057 1515 4 493 494 1516 1515 7 5 84 359 361 723 192 5 1106 1381 1383 1745 1214 4 84 359 1381 1106 4 359 361 1383 1381 4 723 361 1383 1745 4 723 192 1214 1745 4 84 192 1214 1106 7 5 727 267 171 782 255 5 1749 1289 1193 1804 1277 4 267 727 1749 1289 4 267 171 1193 1289 4 171 782 1804 1193 4 255 782 1804 1277 4 255 727 1749 1277 7 5 509 788 508 787 812 5 1531 1810 1530 1809 1834 4 788 509 1531 1810 4 788 508 1530 1810 4 508 787 1809 1530 4 787 812 1834 1809 4 812 509 1531 1834 7 5 310 818 790 307 311 5 1332 1840 1812 1329 1333 4 310 818 1840 1332 4 818 790 1812 1840 4 790 307 1329 1812 4 307 311 1333 1329 4 311 310 1332 1333 7 5 1004 798 301 795 988 5 2026 1820 1323 1817 2010 4 1004 798 1820 2026 4 798 301 1323 1820 4 301 795 1817 1323 4 988 795 1817 2010 4 988 1004 2026 2010 7 5 838 816 815 785 817 5 1860 1838 1837 1807 1839 4 838 816 1838 1860 4 815 816 1838 1837 4 815 785 1807 1837 4 817 785 1807 1839 4 817 838 1860 1839 7 5 1008 825 66 799 1007 5 2030 1847 1088 1821 2029 4 825 1008 2030 1847 4 66 825 1847 1088 4 66 799 1821 1088 4 1007 799 1821 2029 4 1007 1008 2030 2029 7 5 212 213 799 66 412 5 1234 1235 1821 1088 1434 4 212 213 1235 1234 4 799 213 1235 1821 4 66 799 1821 1088 4 412 66 1088 1434 4 412 212 1234 1434 7 5 209 853 826 213 212 5 1231 1875 1848 1235 1234 4 209 853 1875 1231 4 853 826 1848 1875 4 213 826 1848 1235 4 212 213 1235 1234 4 212 209 1231 1234 7 5 850 411 64 746 852 5 1872 1433 1086 1768 1874 4 850 411 1433 1872 4 411 64 1086 1433 4 64 746 1768 1086 4 852 746 1768 1874 4 850 852 1874 1872 7 5 871 847 822 844 53 5 1893 1869 1844 1866 1075 4 871 847 1869 1893 4 822 847 1869 1844 4 822 844 1866 1844 4 844 53 1075 1866 4 53 871 1893 1075 7 5 874 270 877 411 850 5 1896 1292 1899 1433 1872 4 270 874 1896 1292 4 270 877 1899 1292 4 877 411 1433 1899 4 850 411 1433 1872 4 874 850 1872 1896 7 5 858 426 533 428 880 5 1880 1448 1555 1450 1902 4 858 426 1448 1880 4 426 533 1555 1448 4 533 428 1450 1555 4 880 428 1450 1902 4 858 880 1902 1880 7 5 913 453 891 888 886 5 1935 1475 1913 1910 1908 4 453 913 1935 1475 4 891 453 1475 1913 4 891 888 1910 1913 4 888 886 1908 1910 4 913 886 1908 1935 7 5 463 894 135 893 895 5 1485 1916 1157 1915 1917 4 463 894 1916 1485 4 135 894 1916 1157 4 135 893 1915 1157 4 893 895 1917 1915 4 895 463 1485 1917 7 5 797 743 273 919 848 5 1819 1765 1295 1941 1870 4 797 743 1765 1819 4 743 273 1295 1765 4 919 273 1295 1941 4 919 848 1870 1941 4 848 797 1819 1870 7 5 920 824 872 743 797 5 1942 1846 1894 1765 1819 4 920 824 1846 1942 4 872 824 1846 1894 4 743 872 1894 1765 4 797 743 1765 1819 4 797 920 1942 1819 7 5 916 338 464 890 340 5 1938 1360 1486 1912 1362 4 916 338 1360 1938 4 464 338 1360 1486 4 890 464 1486 1912 4 890 340 1362 1912 4 340 916 1938 1362 7 5 953 940 937 149 242 5 1975 1962 1959 1171 1264 4 953 940 1962 1975 4 940 937 1959 1962 4 937 149 1171 1959 4 242 149 1171 1264 4 953 242 1264 1975 7 5 939 941 336 940 953 5 1961 1963 1358 1962 1975 4 941 939 1961 1963 4 941 336 1358 1963 4 336 940 1962 1358 4 953 940 1962 1975 4 953 939 1961 1975 7 5 246 242 338 938 954 5 1268 1264 1360 1960 1976 4 242 246 1268 1264 4 338 242 1264 1360 4 338 938 1960 1360 4 954 938 1960 1976 4 954 246 1268 1976 7 5 873 921 956 958 957 5 1895 1943 1978 1980 1979 4 873 921 1943 1895 4 921 956 1978 1943 4 958 956 1978 1980 4 958 957 1979 1980 4 873 957 1979 1895 7 5 959 943 921 873 137 5 1981 1965 1943 1895 1159 4 943 959 1981 1965 4 921 943 1965 1943 4 873 921 1943 1895 4 137 873 1895 1159 4 137 959 1981 1159 7 5 606 566 4 584 585 5 1628 1588 1026 1606 1607 4 606 566 1588 1628 4 4 566 1588 1026 4 584 4 1026 1606 4 585 584 1606 1607 4 585 606 1628 1607 7 5 640 50 395 597 617 5 1662 1072 1417 1619 1639 4 640 50 1072 1662 4 395 50 1072 1417 4 395 597 1619 1417 4 617 597 1619 1639 4 640 617 1639 1662 7 5 593 616 615 614 592 5 1615 1638 1637 1636 1614 4 593 616 1638 1615 4 616 615 1637 1638 4 614 615 1637 1636 4 592 614 1636 1614 4 593 592 1614 1615 7 5 590 636 613 656 683 5 1612 1658 1635 1678 1705 4 590 636 1658 1612 4 636 613 1635 1658 4 656 613 1635 1678 4 683 656 1678 1705 4 590 683 1705 1612 7 5 359 725 672 698 198 5 1381 1747 1694 1720 1220 4 359 725 1747 1381 4 725 672 1694 1747 4 672 698 1720 1694 4 198 698 1720 1220 4 198 359 1381 1220 7 5 406 387 378 382 718 5 1428 1409 1400 1404 1740 4 406 387 1409 1428 4 378 387 1409 1400 4 378 382 1404 1400 4 718 382 1404 1740 4 406 718 1740 1428 7 5 491 286 488 740 765 5 1513 1308 1510 1762 1787 4 491 286 1308 1513 4 286 488 1510 1308 4 488 740 1762 1510 4 740 765 1787 1762 4 765 491 1513 1787 7 5 739 471 711 286 491 5 1761 1493 1733 1308 1513 4 739 471 1493 1761 4 471 711 1733 1493 4 711 286 1308 1733 4 491 286 1308 1513 4 491 739 1761 1513 7 5 766 477 491 765 303 5 1788 1499 1513 1787 1325 4 766 477 1499 1788 4 477 491 1513 1499 4 765 491 1513 1787 4 303 765 1787 1325 4 303 766 1788 1325 7 5 809 272 812 514 814 5 1831 1294 1834 1536 1836 4 272 809 1831 1294 4 272 812 1834 1294 4 812 514 1536 1834 4 514 814 1836 1536 4 814 809 1831 1836 7 5 254 268 517 524 836 5 1276 1290 1539 1546 1858 4 254 268 1290 1276 4 517 268 1290 1539 4 524 517 1539 1546 4 524 836 1858 1546 4 836 254 1276 1858 7 5 886 888 263 864 157 5 1908 1910 1285 1886 1179 4 888 886 1908 1910 4 888 263 1285 1910 4 263 864 1886 1285 4 157 864 1886 1179 4 886 157 1179 1908 8 6 591 279 548 549 567 588 6 1613 1301 1570 1571 1589 1610 4 591 279 1301 1613 4 548 279 1301 1570 4 549 548 1570 1571 4 549 567 1589 1571 4 588 567 1589 1610 4 591 588 1610 1613 8 6 125 17 608 6 20 19 6 1147 1039 1630 1028 1042 1041 4 125 17 1039 1147 4 608 17 1039 1630 4 608 6 1028 1630 4 6 20 1042 1028 4 20 19 1041 1042 4 19 125 1147 1041 8 6 124 19 20 630 119 120 6 1146 1041 1042 1652 1141 1142 4 124 19 1041 1146 4 20 19 1041 1042 4 20 630 1652 1042 4 119 630 1652 1141 4 120 119 1141 1142 4 124 120 1142 1146 8 6 654 23 21 122 116 117 6 1676 1045 1043 1144 1138 1139 4 23 654 1676 1045 4 23 21 1043 1045 4 122 21 1043 1144 4 116 122 1144 1138 4 116 117 1139 1138 4 654 117 1139 1676 8 6 678 33 108 113 651 176 6 1700 1055 1130 1135 1673 1198 4 678 33 1055 1700 4 108 33 1055 1130 4 108 113 1135 1130 4 113 651 1673 1135 4 176 651 1673 1198 4 176 678 1700 1198 8 6 181 180 105 674 97 184 6 1203 1202 1127 1696 1119 1206 4 181 180 1202 1203 4 105 180 1202 1127 4 674 105 1127 1696 4 97 674 1696 1119 4 97 184 1206 1119 4 184 181 1203 1206 8 6 726 88 672 725 700 729 6 1748 1110 1694 1747 1722 1751 4 88 726 1748 1110 4 88 672 1694 1110 4 725 672 1694 1747 4 725 700 1722 1747 4 729 700 1722 1751 4 729 726 1748 1751 8 6 351 342 201 194 754 72 6 1373 1364 1223 1216 1776 1094 4 351 342 1364 1373 4 201 342 1364 1223 4 201 194 1216 1223 4 194 754 1776 1216 4 72 754 1776 1094 4 351 72 1094 1373 8 6 234 236 46 227 230 228 6 1256 1258 1068 1249 1252 1250 4 234 236 1258 1256 4 236 46 1068 1258 4 227 46 1068 1249 4 230 227 1249 1252 4 228 230 1252 1250 4 228 234 1256 1250 8 6 425 152 830 235 802 221 6 1447 1174 1852 1257 1824 1243 4 425 152 1174 1447 4 152 830 1852 1174 4 235 830 1852 1257 4 235 802 1824 1257 4 802 221 1243 1824 4 425 221 1243 1447 8 6 561 90 87 560 42 40 6 1583 1112 1109 1582 1064 1062 4 561 90 1112 1583 4 90 87 1109 1112 4 560 87 1109 1582 4 560 42 1064 1582 4 42 40 1062 1064 4 561 40 1062 1583 8 6 627 80 605 110 76 626 6 1649 1102 1627 1132 1098 1648 4 627 80 1102 1649 4 605 80 1102 1627 4 110 605 1627 1132 4 76 110 1132 1098 4 76 626 1648 1098 4 626 627 1649 1648 8 6 29 653 130 129 128 25 6 1051 1675 1152 1151 1150 1047 4 29 653 1675 1051 4 130 653 1675 1152 4 130 129 1151 1152 4 129 128 1150 1151 4 128 25 1047 1150 4 29 25 1047 1051 8 6 682 657 290 611 177 679 6 1704 1679 1312 1633 1199 1701 4 657 682 1704 1679 4 290 657 1679 1312 4 290 611 1633 1312 4 177 611 1633 1199 4 679 177 1199 1701 4 682 679 1701 1704 8 6 2 920 797 848 336 941 6 1024 1942 1819 1870 1358 1963 4 2 920 1942 1024 4 797 920 1942 1819 4 848 797 1819 1870 4 848 336 1358 1870 4 941 336 1358 1963 4 2 941 1963 1024 8 6 940 336 848 919 918 937 6 1962 1358 1870 1941 1940 1959 4 336 940 1962 1358 4 848 336 1358 1870 4 919 848 1870 1941 4 918 919 1941 1940 4 918 937 1959 1940 4 940 937 1959 1962 8 6 893 871 53 51 160 895 6 1915 1893 1075 1073 1182 1917 4 893 871 1893 1915 4 53 871 1893 1075 4 53 51 1073 1075 4 160 51 1073 1182 4 160 895 1917 1182 4 893 895 1917 1915 8 6 155 326 331 333 868 869 6 1177 1348 1353 1355 1890 1891 4 155 326 1348 1177 4 331 326 1348 1353 4 333 331 1353 1355 4 868 333 1355 1890 4 869 868 1890 1891 4 869 155 1177 1891 8 6 314 310 311 306 785 815 6 1336 1332 1333 1328 1807 1837 4 314 310 1332 1336 4 311 310 1332 1333 4 311 306 1328 1333 4 785 306 1328 1807 4 815 785 1807 1837 4 314 815 1837 1336 8 6 704 677 181 184 164 703 6 1726 1699 1203 1206 1186 1725 4 677 704 1726 1699 4 677 181 1203 1699 4 184 181 1203 1206 4 184 164 1186 1206 4 703 164 1186 1725 4 704 703 1725 1726 8 6 100 96 92 93 599 649 6 1122 1118 1114 1115 1621 1671 4 100 96 1118 1122 4 96 92 1114 1118 4 92 93 1115 1114 4 93 599 1621 1115 4 649 599 1621 1671 4 100 649 1671 1122 8 6 648 599 93 625 624 622 6 1670 1621 1115 1647 1646 1644 4 599 648 1670 1621 4 93 599 1621 1115 4 93 625 1647 1115 4 624 625 1647 1646 4 624 622 1644 1646 4 648 622 1644 1670 8 6 623 600 189 601 48 377 6 1645 1622 1211 1623 1070 1399 4 623 600 1622 1645 4 189 600 1622 1211 4 189 601 1623 1211 4 48 601 1623 1070 4 48 377 1399 1070 4 623 377 1399 1645 8 6 803 216 226 196 223 200 6 1825 1238 1248 1218 1245 1222 4 803 216 1238 1825 4 226 216 1238 1248 4 226 196 1218 1248 4 196 223 1245 1218 4 200 223 1245 1222 4 200 803 1825 1222 8 6 241 234 228 127 232 126 6 1263 1256 1250 1149 1254 1148 4 241 234 1256 1263 4 228 234 1256 1250 4 127 228 1250 1149 4 232 127 1149 1254 4 232 126 1148 1254 4 126 241 1263 1148 8 6 441 261 156 837 908 256 6 1463 1283 1178 1859 1930 1278 4 441 261 1283 1463 4 156 261 1283 1178 4 156 837 1859 1178 4 908 837 1859 1930 4 908 256 1278 1930 4 256 441 1463 1278 8 6 296 480 471 739 741 769 6 1318 1502 1493 1761 1763 1791 4 480 296 1318 1502 4 480 471 1493 1502 4 739 471 1493 1761 4 739 741 1763 1761 4 769 741 1763 1791 4 769 296 1318 1791 8 6 305 475 477 766 767 308 6 1327 1497 1499 1788 1789 1330 4 475 305 1327 1497 4 475 477 1499 1497 4 766 477 1499 1788 4 766 767 1789 1788 4 308 767 1789 1330 4 305 308 1330 1327 8 6 155 328 841 327 330 326 6 1177 1350 1863 1349 1352 1348 4 155 328 1350 1177 4 841 328 1350 1863 4 841 327 1349 1863 4 327 330 1352 1349 4 326 330 1352 1348 4 155 326 1348 1177 8 6 337 335 867 231 163 266 6 1359 1357 1889 1253 1185 1288 4 337 335 1357 1359 4 867 335 1357 1889 4 231 867 1889 1253 4 231 163 1185 1253 4 163 266 1288 1185 4 337 266 1288 1359 8 6 865 866 263 888 891 892 6 1887 1888 1285 1910 1913 1914 4 866 865 1887 1888 4 866 263 1285 1888 4 888 263 1285 1910 4 891 888 1910 1913 4 892 891 1913 1914 4 892 865 1887 1914 8 6 783 727 255 344 243 251 6 1805 1749 1277 1366 1265 1273 4 727 783 1805 1749 4 255 727 1749 1277 4 344 255 1277 1366 4 344 243 1265 1366 4 251 243 1265 1273 4 783 251 1273 1805 8 6 780 348 65 782 171 757 6 1802 1370 1087 1804 1193 1779 4 780 348 1370 1802 4 348 65 1087 1370 4 782 65 1087 1804 4 171 782 1804 1193 4 171 757 1779 1193 4 780 757 1779 1802 8 6 63 352 347 346 350 353 6 1085 1374 1369 1368 1372 1375 4 63 352 1374 1085 4 347 352 1374 1369 4 347 346 1368 1369 4 350 346 1368 1372 4 353 350 1372 1375 4 353 63 1085 1375 8 6 752 370 192 723 371 751 6 1774 1392 1214 1745 1393 1773 4 752 370 1392 1774 4 192 370 1392 1214 4 723 192 1214 1745 4 371 723 1745 1393 4 371 751 1773 1393 4 751 752 1774 1773 8 6 722 379 671 367 697 696 6 1744 1401 1693 1389 1719 1718 4 722 379 1401 1744 4 671 379 1401 1693 4 671 367 1389 1693 4 697 367 1389 1719 4 697 696 1718 1719 4 696 722 1744 1718 8 6 719 696 697 203 364 383 6 1741 1718 1719 1225 1386 1405 4 719 696 1718 1741 4 697 696 1718 1719 4 203 697 1719 1225 4 203 364 1386 1225 4 383 364 1386 1405 4 383 719 1741 1405 8 6 695 666 621 668 665 693 6 1717 1688 1643 1690 1687 1715 4 695 666 1688 1717 4 621 666 1688 1643 4 668 621 1643 1690 4 665 668 1690 1687 4 665 693 1715 1687 4 695 693 1715 1717 8 6 667 641 598 642 405 397 6 1689 1663 1620 1664 1427 1419 4 667 641 1663 1689 4 598 641 1663 1620 4 642 598 1620 1664 4 405 642 1664 1427 4 405 397 1419 1427 4 667 397 1419 1689 8 6 413 209 212 412 746 64 6 1435 1231 1234 1434 1768 1086 4 413 209 1231 1435 4 212 209 1231 1234 4 412 212 1234 1434 4 746 412 1434 1768 4 64 746 1768 1086 4 64 413 1435 1086 8 6 877 851 854 413 64 411 6 1899 1873 1876 1435 1086 1433 4 877 851 1873 1899 4 854 851 1873 1876 4 854 413 1435 1876 4 64 413 1435 1086 4 411 64 1086 1433 4 877 411 1433 1899 8 6 67 138 421 248 418 420 6 1089 1160 1443 1270 1440 1442 4 67 138 1160 1089 4 421 138 1160 1443 4 421 248 1270 1443 4 418 248 1270 1440 4 420 418 1440 1442 4 67 420 1442 1089 8 6 427 879 428 533 857 423 6 1449 1901 1450 1555 1879 1445 4 427 879 1901 1449 4 428 879 1901 1450 4 533 428 1450 1555 4 533 857 1879 1555 4 423 857 1879 1445 4 423 427 1449 1445 8 6 902 907 439 437 883 271 6 1924 1929 1461 1459 1905 1293 4 902 907 1929 1924 4 439 907 1929 1461 4 439 437 1459 1461 4 437 883 1905 1459 4 271 883 1905 1293 4 271 902 1924 1293 8 6 903 904 442 441 256 909 6 1925 1926 1464 1463 1278 1931 4 903 904 1926 1925 4 442 904 1926 1464 4 442 441 1463 1464 4 256 441 1463 1278 4 256 909 1931 1278 4 903 909 1931 1925 8 6 430 435 445 264 265 444 6 1452 1457 1467 1286 1287 1466 4 430 435 1457 1452 4 445 435 1457 1467 4 264 445 1467 1286 4 265 264 1286 1287 4 265 444 1466 1287 4 430 444 1466 1452 8 6 966 955 142 246 954 965 6 1988 1977 1164 1268 1976 1987 4 966 955 1977 1988 4 955 142 1164 1977 4 246 142 1164 1268 4 954 246 1268 1976 4 965 954 1976 1987 4 965 966 1988 1987 8 6 740 488 487 684 49 738 6 1762 1510 1509 1706 1071 1760 4 488 740 1762 1510 4 488 487 1509 1510 4 684 487 1509 1706 4 49 684 1706 1071 4 738 49 1071 1760 4 738 740 1762 1760 8 6 294 503 732 502 501 760 6 1316 1525 1754 1524 1523 1782 4 294 503 1525 1316 4 732 503 1525 1754 4 732 502 1524 1754 4 502 501 1523 1524 4 760 501 1523 1782 4 760 294 1316 1782 8 6 811 521 243 344 345 810 6 1833 1543 1265 1366 1367 1832 4 811 521 1543 1833 4 243 521 1543 1265 4 344 243 1265 1366 4 345 344 1366 1367 4 345 810 1832 1367 4 811 810 1832 1833 8 6 836 524 523 781 237 834 6 1858 1546 1545 1803 1259 1856 4 524 836 1858 1546 4 523 524 1546 1545 4 523 781 1803 1545 4 781 237 1259 1803 4 834 237 1259 1856 4 834 836 1858 1856 8 6 245 527 807 121 806 528 6 1267 1549 1829 1143 1828 1550 4 245 527 1549 1267 4 807 527 1549 1829 4 807 121 1143 1829 4 121 806 1828 1143 4 806 528 1550 1828 4 528 245 1267 1550 8 6 529 1 131 233 532 530 6 1551 1023 1153 1255 1554 1552 4 1 529 1551 1023 4 131 1 1023 1153 4 131 233 1255 1153 4 233 532 1554 1255 4 532 530 1552 1554 4 529 530 1552 1551 8 6 627 626 187 625 93 92 6 1649 1648 1209 1647 1115 1114 4 626 627 1649 1648 4 626 187 1209 1648 4 625 187 1209 1647 4 93 625 1647 1115 4 92 93 1115 1114 4 92 627 1649 1114 8 6 18 118 631 630 20 6 6 1040 1140 1653 1652 1042 1028 4 18 118 1140 1040 4 631 118 1140 1653 4 630 631 1653 1652 4 20 630 1652 1042 4 6 20 1042 1028 4 6 18 1040 1028 8 6 997 615 616 594 639 996 6 2019 1637 1638 1616 1661 2018 4 615 997 2019 1637 4 616 615 1637 1638 4 616 594 1616 1638 4 639 594 1616 1661 4 639 996 2018 1661 4 996 997 2019 2018 8 6 677 35 678 176 180 181 6 1699 1057 1700 1198 1202 1203 4 35 677 1699 1057 4 35 678 1700 1057 4 176 678 1700 1198 4 180 176 1198 1202 4 181 180 1202 1203 4 677 181 1203 1699 8 6 672 88 673 185 701 698 6 1694 1110 1695 1207 1723 1720 4 88 672 1694 1110 4 673 88 1110 1695 4 185 673 1695 1207 4 185 701 1723 1207 4 701 698 1720 1723 4 672 698 1720 1694 8 6 286 713 484 712 487 488 6 1308 1735 1506 1734 1509 1510 4 286 713 1735 1308 4 484 713 1735 1506 4 712 484 1506 1734 4 487 712 1734 1509 4 488 487 1509 1510 4 286 488 1510 1308 8 6 300 301 770 296 769 297 6 1322 1323 1792 1318 1791 1319 4 300 301 1323 1322 4 301 770 1792 1323 4 296 770 1792 1318 4 769 296 1318 1791 4 297 769 1791 1319 4 300 297 1319 1322 8 6 514 812 787 510 512 786 6 1536 1834 1809 1532 1534 1808 4 812 514 1536 1834 4 787 812 1834 1809 4 787 510 1532 1809 4 512 510 1532 1534 4 786 512 1534 1808 4 786 514 1536 1808 8 6 216 803 220 224 225 804 6 1238 1825 1242 1246 1247 1826 4 803 216 1238 1825 4 803 220 1242 1825 4 220 224 1246 1242 4 225 224 1246 1247 4 804 225 1247 1826 4 216 804 1826 1238 8 6 317 151 823 313 821 316 6 1339 1173 1845 1335 1843 1338 4 317 151 1173 1339 4 151 823 1845 1173 4 313 823 1845 1335 4 821 313 1335 1843 4 316 821 1843 1338 4 317 316 1338 1339 8 6 327 841 323 318 842 322 6 1349 1863 1345 1340 1864 1344 4 841 327 1349 1863 4 323 841 1863 1345 4 318 323 1345 1340 4 318 842 1864 1340 4 322 842 1864 1344 4 322 327 1349 1344 8 6 150 844 845 843 324 325 6 1172 1866 1867 1865 1346 1347 4 150 844 1866 1172 4 844 845 1867 1866 4 843 845 1867 1865 4 324 843 1865 1346 4 325 324 1346 1347 4 150 325 1347 1172 8 6 961 959 137 244 955 966 6 1983 1981 1159 1266 1977 1988 4 959 961 1983 1981 4 137 959 1981 1159 4 244 137 1159 1266 4 244 955 1977 1266 4 966 955 1977 1988 4 966 961 1983 1988 8 6 557 542 536 402 541 537 6 1579 1564 1558 1424 1563 1559 4 542 557 1579 1564 4 536 542 1564 1558 4 402 536 1558 1424 4 541 402 1424 1563 4 537 541 1563 1559 4 537 557 1579 1559 8 6 577 559 398 557 537 576 6 1599 1581 1420 1579 1559 1598 4 577 559 1581 1599 4 398 559 1581 1420 4 557 398 1420 1579 4 537 557 1579 1559 4 576 537 1559 1598 4 577 576 1598 1599 8 6 95 91 90 561 543 94 6 1117 1113 1112 1583 1565 1116 4 95 91 1113 1117 4 91 90 1112 1113 4 561 90 1112 1583 4 543 561 1583 1565 4 94 543 1565 1116 4 95 94 1116 1117 8 6 562 102 99 91 95 98 6 1584 1124 1121 1113 1117 1120 4 562 102 1124 1584 4 99 102 1124 1121 4 91 99 1121 1113 4 95 91 1113 1117 4 98 95 1117 1120 4 562 98 1120 1584 8 6 564 102 562 8 582 103 6 1586 1124 1584 1030 1604 1125 4 564 102 1124 1586 4 562 102 1124 1584 4 8 562 1584 1030 4 582 8 1030 1604 4 103 582 1604 1125 4 564 103 1125 1586 8 6 377 48 44 578 68 619 6 1399 1070 1066 1600 1090 1641 4 48 377 1399 1070 4 44 48 1070 1066 4 44 578 1600 1066 4 68 578 1600 1090 4 619 68 1090 1641 4 377 619 1641 1399 8 6 644 622 624 197 600 623 6 1666 1644 1646 1219 1622 1645 4 622 644 1666 1644 4 624 622 1644 1646 4 197 624 1646 1219 4 600 197 1219 1622 4 623 600 1622 1645 4 644 623 1645 1666 8 6 37 734 173 708 39 705 6 1059 1756 1195 1730 1061 1727 4 734 37 1059 1756 4 734 173 1195 1756 4 173 708 1730 1195 4 39 708 1730 1061 4 705 39 1061 1727 4 37 705 1727 1059 8 6 765 740 738 492 737 302 6 1787 1762 1760 1514 1759 1324 4 740 765 1787 1762 4 738 740 1762 1760 4 492 738 1760 1514 4 737 492 1514 1759 4 302 737 1759 1324 4 765 302 1324 1787 8 6 60 388 748 387 406 62 6 1082 1410 1770 1409 1428 1084 4 388 60 1082 1410 4 748 388 1410 1770 4 387 748 1770 1409 4 406 387 1409 1428 4 62 406 1428 1084 4 62 60 1082 1084 8 6 409 775 747 60 62 800 6 1431 1797 1769 1082 1084 1822 4 409 775 1797 1431 4 747 775 1797 1769 4 60 747 1769 1082 4 62 60 1082 1084 4 800 62 1084 1822 4 409 800 1822 1431 8 6 311 307 298 763 789 306 6 1333 1329 1320 1785 1811 1328 4 307 311 1333 1329 4 307 298 1320 1329 4 298 763 1785 1320 4 789 763 1785 1811 4 306 789 1811 1328 4 311 306 1328 1333 8 6 838 817 507 509 812 272 6 1860 1839 1529 1531 1834 1294 4 817 838 1860 1839 4 507 817 1839 1529 4 509 507 1529 1531 4 812 509 1531 1834 4 272 812 1834 1294 4 838 272 1294 1860 8 6 511 166 839 816 838 864 6 1533 1188 1861 1838 1860 1886 4 511 166 1188 1533 4 839 166 1188 1861 4 816 839 1861 1838 4 838 816 1838 1860 4 864 838 1860 1886 4 864 511 1533 1886 8 6 58 853 209 413 854 416 6 1080 1875 1231 1435 1876 1438 4 853 58 1080 1875 4 209 853 1875 1231 4 413 209 1231 1435 4 854 413 1435 1876 4 416 854 1876 1438 4 416 58 1080 1438 8 6 835 254 833 860 515 258 6 1857 1276 1855 1882 1537 1280 4 835 254 1276 1857 4 254 833 1855 1276 4 860 833 1855 1882 4 515 860 1882 1537 4 258 515 1537 1280 4 835 258 1280 1857 8 6 427 423 138 67 878 431 6 1449 1445 1160 1089 1900 1453 4 423 427 1449 1445 4 138 423 1445 1160 4 67 138 1160 1089 4 878 67 1089 1900 4 878 431 1453 1900 4 431 427 1449 1453 8 6 887 450 238 170 863 259 6 1909 1472 1260 1192 1885 1281 4 887 450 1472 1909 4 238 450 1472 1260 4 170 238 1260 1192 4 170 863 1885 1192 4 259 863 1885 1281 4 887 259 1281 1909 8 6 451 446 905 879 427 431 6 1473 1468 1927 1901 1449 1453 4 446 451 1473 1468 4 446 905 1927 1468 4 879 905 1927 1901 4 427 879 1901 1449 4 431 427 1449 1453 4 451 431 1453 1473 8 6 446 440 906 876 422 905 6 1468 1462 1928 1898 1444 1927 4 440 446 1468 1462 4 440 906 1928 1462 4 876 906 1928 1898 4 422 876 1898 1444 4 905 422 1444 1927 4 446 905 1927 1468 8 6 902 271 429 875 906 440 6 1924 1293 1451 1897 1928 1462 4 271 902 1924 1293 4 429 271 1293 1451 4 875 429 1451 1897 4 906 875 1897 1928 4 440 906 1928 1462 4 440 902 1924 1462 8 6 937 918 334 894 463 149 6 1959 1940 1356 1916 1485 1171 4 918 937 1959 1940 4 334 918 1940 1356 4 894 334 1356 1916 4 463 894 1916 1485 4 149 463 1485 1171 4 937 149 1171 1959 8 6 458 449 929 907 902 440 6 1480 1471 1951 1929 1924 1462 4 449 458 1480 1471 4 449 929 1951 1471 4 907 929 1951 1929 4 902 907 1929 1924 4 440 902 1924 1462 4 458 440 1462 1480 8 6 926 434 435 430 930 443 6 1948 1456 1457 1452 1952 1465 4 926 434 1456 1948 4 435 434 1456 1457 4 430 435 1457 1452 4 930 430 1452 1952 4 930 443 1465 1952 4 926 443 1465 1948 8 6 452 438 932 448 933 262 6 1474 1460 1954 1470 1955 1284 4 452 438 1460 1474 4 438 932 1954 1460 4 448 932 1954 1470 4 448 933 1955 1470 4 262 933 1955 1284 4 452 262 1284 1474 8 6 921 824 920 2 942 956 6 1943 1846 1942 1024 1964 1978 4 824 921 1943 1846 4 920 824 1846 1942 4 2 920 1942 1024 4 942 2 1024 1964 4 956 942 1964 1978 4 921 956 1978 1943 8 6 938 338 916 936 465 952 6 1960 1360 1938 1958 1487 1974 4 338 938 1960 1360 4 916 338 1360 1938 4 916 936 1958 1938 4 465 936 1958 1487 4 952 465 1487 1974 4 938 952 1974 1960 8 6 587 567 549 547 565 4 6 1609 1589 1571 1569 1587 1026 4 567 587 1609 1589 4 549 567 1589 1571 4 547 549 1571 1569 4 565 547 1569 1587 4 4 565 1587 1026 4 587 4 1026 1609 8 6 282 133 11 165 279 591 6 1304 1155 1033 1187 1301 1613 4 133 282 1304 1155 4 11 133 1155 1033 4 165 11 1033 1187 4 279 165 1187 1301 4 591 279 1301 1613 4 282 591 1613 1304 8 6 132 633 282 287 13 612 6 1154 1655 1304 1309 1035 1634 4 633 132 1154 1655 4 282 633 1655 1304 4 287 282 1304 1309 4 13 287 1309 1035 4 13 612 1634 1035 4 132 612 1634 1154 8 6 650 629 118 18 115 186 6 1672 1651 1140 1040 1137 1208 4 650 629 1651 1672 4 118 629 1651 1140 4 18 118 1140 1040 4 18 115 1137 1040 4 186 115 1137 1208 4 186 650 1672 1208 8 6 283 710 658 3 683 486 6 1305 1732 1680 1025 1705 1508 4 710 283 1305 1732 4 658 710 1732 1680 4 3 658 1680 1025 4 683 3 1025 1705 4 486 683 1705 1508 4 283 486 1508 1305 8 6 711 686 714 482 713 286 6 1733 1708 1736 1504 1735 1308 4 711 686 1708 1733 4 714 686 1708 1736 4 714 482 1504 1736 4 713 482 1504 1735 4 286 713 1735 1308 4 711 286 1308 1733 8 6 742 715 688 275 686 711 6 1764 1737 1710 1297 1708 1733 4 715 742 1764 1737 4 688 715 1737 1710 4 688 275 1297 1710 4 275 686 1708 1297 4 711 686 1708 1733 4 711 742 1764 1733 8 6 267 784 758 57 756 174 6 1289 1806 1780 1079 1778 1196 4 784 267 1289 1806 4 784 758 1780 1806 4 57 758 1780 1079 4 57 756 1778 1079 4 756 174 1196 1778 4 174 267 1289 1196 8 6 307 790 302 496 762 764 6 1329 1812 1324 1518 1784 1786 4 790 307 1329 1812 4 302 790 1812 1324 4 496 302 1324 1518 4 496 762 1784 1518 4 764 762 1784 1786 4 764 307 1329 1786 8 6 791 295 483 303 790 818 6 1813 1317 1505 1325 1812 1840 4 295 791 1813 1317 4 483 295 1317 1505 4 483 303 1325 1505 4 790 303 1325 1812 4 818 790 1812 1840 4 818 791 1813 1840 9 7 612 13 546 566 606 586 610 7 1634 1035 1568 1588 1628 1608 1632 4 13 612 1634 1035 4 546 13 1035 1568 4 566 546 1568 1588 4 606 566 1588 1628 4 606 586 1608 1628 4 610 586 1608 1632 4 612 610 1632 1634 9 7 702 164 184 97 188 701 185 7 1724 1186 1206 1119 1210 1723 1207 4 164 702 1724 1186 4 184 164 1186 1206 4 97 184 1206 1119 4 188 97 1119 1210 4 188 701 1723 1210 4 185 701 1723 1207 4 702 185 1207 1724 9 7 63 353 354 358 360 26 239 7 1085 1375 1376 1380 1382 1048 1261 4 353 63 1085 1375 4 354 353 1375 1376 4 358 354 1376 1380 4 358 360 1382 1380 4 360 26 1048 1382 4 239 26 1048 1261 4 239 63 1085 1261 9 7 424 143 801 208 827 248 421 7 1446 1165 1823 1230 1849 1270 1443 4 424 143 1165 1446 4 801 143 1165 1823 4 801 208 1230 1823 4 827 208 1230 1849 4 248 827 1849 1270 4 421 248 1270 1443 4 424 421 1443 1446 9 7 23 25 128 125 19 124 21 7 1045 1047 1150 1147 1041 1146 1043 4 25 23 1045 1047 4 128 25 1047 1150 4 128 125 1147 1150 4 19 125 1147 1041 4 124 19 1041 1146 4 21 124 1146 1043 4 23 21 1043 1045 9 7 505 501 502 497 759 178 504 7 1527 1523 1524 1519 1781 1200 1526 4 501 505 1527 1523 4 502 501 1523 1524 4 502 497 1519 1524 4 759 497 1519 1781 4 759 178 1200 1781 4 178 504 1526 1200 4 505 504 1526 1527 9 7 498 494 493 172 182 730 731 7 1520 1516 1515 1194 1204 1752 1753 4 498 494 1516 1520 4 493 494 1516 1515 4 172 493 1515 1194 4 182 172 1194 1204 4 182 730 1752 1204 4 731 730 1752 1753 4 498 731 1753 1520 9 7 526 241 126 531 233 131 525 7 1548 1263 1148 1553 1255 1153 1547 4 526 241 1263 1548 4 126 241 1263 1148 4 126 531 1553 1148 4 531 233 1255 1553 4 131 233 1255 1153 4 525 131 1153 1547 4 525 526 1548 1547 9 7 754 194 357 362 360 358 356 7 1776 1216 1379 1384 1382 1380 1378 4 194 754 1776 1216 4 194 357 1379 1216 4 362 357 1379 1384 4 362 360 1382 1384 4 358 360 1382 1380 4 356 358 1380 1378 4 754 356 1378 1776 9 7 410 415 414 417 855 58 416 7 1432 1437 1436 1439 1877 1080 1438 4 410 415 1437 1432 4 414 415 1437 1436 4 417 414 1436 1439 4 855 417 1439 1877 4 58 855 1877 1080 4 416 58 1080 1438 4 410 416 1438 1432 9 7 947 931 933 448 447 434 926 7 1969 1953 1955 1470 1469 1456 1948 4 947 931 1953 1969 4 933 931 1953 1955 4 448 933 1955 1470 4 447 448 1470 1469 4 434 447 1469 1456 4 926 434 1456 1948 4 947 926 1948 1969 9 7 936 916 340 950 951 945 946 7 1958 1938 1362 1972 1973 1967 1968 4 916 936 1958 1938 4 340 916 1938 1362 4 340 950 1972 1362 4 951 950 1972 1973 4 945 951 1973 1967 4 945 946 1968 1967 4 936 946 1968 1958 9 7 472 470 663 594 616 593 638 7 1494 1492 1685 1616 1638 1615 1660 4 472 470 1492 1494 4 663 470 1492 1685 4 594 663 1685 1616 4 616 594 1616 1638 4 593 616 1638 1615 4 638 593 1615 1660 4 472 638 1660 1494 9 7 482 714 687 552 636 590 659 7 1504 1736 1709 1574 1658 1612 1681 4 714 482 1504 1736 4 687 714 1736 1709 4 552 687 1709 1574 4 552 636 1658 1574 4 590 636 1658 1612 4 659 590 1612 1681 4 482 659 1681 1504 9 7 762 496 736 490 173 734 707 7 1784 1518 1758 1512 1195 1756 1729 4 496 762 1784 1518 4 736 496 1518 1758 4 490 736 1758 1512 4 490 173 1195 1512 4 734 173 1195 1756 4 707 734 1756 1729 4 762 707 1729 1784 9 7 787 508 506 504 178 148 510 7 1809 1530 1528 1526 1200 1170 1532 4 508 787 1809 1530 4 508 506 1528 1530 4 504 506 1528 1526 4 178 504 1526 1200 4 178 148 1170 1200 4 510 148 1170 1532 4 787 510 1532 1809 9 7 814 514 786 758 784 140 516 7 1836 1536 1808 1780 1806 1162 1538 4 514 814 1836 1536 4 786 514 1536 1808 4 758 786 1808 1780 4 784 758 1780 1806 4 140 784 1806 1162 4 516 140 1162 1538 4 516 814 1836 1538 9 7 523 810 345 65 348 123 781 7 1545 1832 1367 1087 1370 1145 1803 4 810 523 1545 1832 4 345 810 1832 1367 4 65 345 1367 1087 4 348 65 1087 1370 4 348 123 1145 1370 4 123 781 1803 1145 4 523 781 1803 1545 9 7 806 526 525 831 832 519 528 7 1828 1548 1547 1853 1854 1541 1550 4 806 526 1548 1828 4 525 526 1548 1547 4 831 525 1547 1853 4 832 831 1853 1854 4 519 832 1854 1541 4 519 528 1550 1541 4 806 528 1550 1828 9 7 28 191 580 32 193 34 581 7 1050 1213 1602 1054 1215 1056 1603 4 28 191 1213 1050 4 580 191 1213 1602 4 32 580 1602 1054 4 193 32 1054 1215 4 34 193 1215 1056 4 34 581 1603 1056 4 28 581 1603 1050 9 7 602 70 191 28 601 189 603 7 1624 1092 1213 1050 1623 1211 1625 4 70 602 1624 1092 4 191 70 1092 1213 4 28 191 1213 1050 4 601 28 1050 1623 4 189 601 1623 1211 4 603 189 1211 1625 4 603 602 1624 1625 9 7 662 45 275 688 47 716 7 7 1684 1067 1297 1710 1069 1738 1029 4 45 662 1684 1067 4 45 275 1297 1067 4 688 275 1297 1710 4 47 688 1710 1069 4 716 47 1069 1738 4 7 716 1738 1029 4 662 7 1029 1684 9 7 207 211 722 696 719 382 378 7 1229 1233 1744 1718 1741 1404 1400 4 207 211 1233 1229 4 211 722 1744 1233 4 696 722 1744 1718 4 719 696 1718 1741 4 719 382 1404 1741 4 378 382 1404 1400 4 207 378 1400 1229 9 7 471 480 469 159 158 742 711 7 1493 1502 1491 1181 1180 1764 1733 4 480 471 1493 1502 4 469 480 1502 1491 4 159 469 1491 1181 4 158 159 1181 1180 4 742 158 1180 1764 4 711 742 1764 1733 4 471 711 1733 1493 9 7 289 771 281 284 744 285 288 7 1311 1793 1303 1306 1766 1307 1310 4 289 771 1793 1311 4 281 771 1793 1303 4 284 281 1303 1306 4 744 284 1306 1766 4 285 744 1766 1307 4 288 285 1307 1310 4 289 288 1310 1311 9 7 750 778 752 751 211 215 218 7 1772 1800 1774 1773 1233 1237 1240 4 750 778 1800 1772 4 778 752 1774 1800 4 751 752 1774 1773 4 751 211 1233 1773 4 211 215 1237 1233 4 218 215 1237 1240 4 750 218 1240 1772 9 7 57 179 148 178 759 728 756 7 1079 1201 1170 1200 1781 1750 1778 4 179 57 1079 1201 4 148 179 1201 1170 4 178 148 1170 1200 4 759 178 1200 1781 4 728 759 1781 1750 4 756 728 1750 1778 4 57 756 1778 1079 9 7 298 307 764 499 500 503 294 7 1320 1329 1786 1521 1522 1525 1316 4 307 298 1320 1329 4 764 307 1329 1786 4 499 764 1786 1521 4 500 499 1521 1522 4 503 500 1522 1525 4 294 503 1525 1316 4 294 298 1320 1316 9 7 767 766 303 483 481 793 479 7 1789 1788 1325 1505 1503 1815 1501 4 766 767 1789 1788 4 303 766 1788 1325 4 483 303 1325 1505 4 481 483 1505 1503 4 793 481 1503 1815 4 479 793 1815 1501 4 767 479 1501 1789 9 7 121 522 236 234 241 526 806 7 1143 1544 1258 1256 1263 1548 1828 4 121 522 1544 1143 4 522 236 1258 1544 4 234 236 1258 1256 4 241 234 1256 1263 4 526 241 1263 1548 4 806 526 1548 1828 4 121 806 1828 1143 9 7 792 791 818 315 735 820 299 7 1814 1813 1840 1337 1757 1842 1321 4 791 792 1814 1813 4 818 791 1813 1840 4 818 315 1337 1840 4 735 315 1337 1757 4 820 735 1757 1842 4 299 820 1842 1321 4 792 299 1321 1814 9 7 163 511 864 263 866 840 266 7 1185 1533 1886 1285 1888 1862 1288 4 163 511 1533 1185 4 864 511 1533 1886 4 263 864 1886 1285 4 866 263 1285 1888 4 840 866 1888 1862 4 266 840 1862 1288 4 163 266 1288 1185 9 7 437 439 909 256 908 252 257 7 1459 1461 1931 1278 1930 1274 1279 4 439 437 1459 1461 4 909 439 1461 1931 4 256 909 1931 1278 4 908 256 1278 1930 4 252 908 1930 1274 4 257 252 1274 1279 4 257 437 1459 1279 9 7 967 538 540 534 74 545 960 7 1989 1560 1562 1556 1096 1567 1982 4 538 967 1989 1560 4 540 538 1560 1562 4 534 540 1562 1556 4 74 534 1556 1096 4 74 545 1567 1096 4 545 960 1982 1567 4 960 967 1989 1982 9 7 987 948 928 927 931 947 986 7 2009 1970 1950 1949 1953 1969 2008 4 987 948 1970 2009 4 928 948 1970 1950 4 927 928 1950 1949 4 931 927 1949 1953 4 947 931 1953 1969 4 986 947 1969 2008 4 986 987 2009 2008 9 7 577 579 42 560 558 539 559 7 1599 1601 1064 1582 1580 1561 1581 4 579 577 1599 1601 4 579 42 1064 1601 4 560 42 1064 1582 4 558 560 1582 1580 4 539 558 1580 1561 4 559 539 1561 1581 4 577 559 1581 1599 9 7 107 14 12 102 564 106 583 7 1129 1036 1034 1124 1586 1128 1605 4 14 107 1129 1036 4 12 14 1036 1034 4 102 12 1034 1124 4 564 102 1124 1586 4 106 564 1586 1128 4 583 106 1128 1605 4 107 583 1605 1129 9 7 18 6 608 71 586 606 585 7 1040 1028 1630 1093 1608 1628 1607 4 6 18 1040 1028 4 608 6 1028 1630 4 71 608 1630 1093 4 586 71 1093 1608 4 606 586 1608 1628 4 585 606 1628 1607 4 585 18 1040 1607 9 7 392 389 52 597 395 618 391 7 1414 1411 1074 1619 1417 1640 1413 4 389 392 1414 1411 4 52 389 1411 1074 4 597 52 1074 1619 4 395 597 1619 1417 4 618 395 1417 1640 4 391 618 1640 1413 4 392 391 1413 1414 9 7 397 405 407 535 50 640 664 7 1419 1427 1429 1557 1072 1662 1686 4 405 397 1419 1427 4 407 405 1427 1429 4 535 407 1429 1557 4 50 535 1557 1072 4 640 50 1072 1662 4 664 640 1662 1686 4 397 664 1686 1419 9 7 290 291 129 130 609 655 611 7 1312 1313 1151 1152 1631 1677 1633 4 291 290 1312 1313 4 291 129 1151 1313 4 130 129 1151 1152 4 609 130 1152 1631 4 655 609 1631 1677 4 611 655 1677 1633 4 290 611 1633 1312 9 7 573 592 613 636 552 660 637 7 1595 1614 1635 1658 1574 1682 1659 4 592 573 1595 1614 4 613 592 1614 1635 4 636 613 1635 1658 4 552 636 1658 1574 4 660 552 1574 1682 4 637 660 1682 1659 4 573 637 1659 1595 9 7 701 188 190 647 646 670 698 7 1723 1210 1212 1669 1668 1692 1720 4 188 701 1723 1210 4 190 188 1210 1212 4 647 190 1212 1669 4 646 647 1669 1668 4 670 646 1668 1692 4 698 670 1692 1720 4 701 698 1720 1723 9 7 275 691 474 689 478 476 686 7 1297 1713 1496 1711 1500 1498 1708 4 275 691 1713 1297 4 474 691 1713 1496 4 689 474 1496 1711 4 478 689 1711 1500 4 476 478 1500 1498 4 686 476 1498 1708 4 275 686 1708 1297 9 7 45 690 467 470 472 691 275 7 1067 1712 1489 1492 1494 1713 1297 4 690 45 1067 1712 4 690 467 1489 1712 4 470 467 1489 1492 4 472 470 1492 1494 4 691 472 1494 1713 4 275 691 1713 1297 4 45 275 1297 1067 9 7 215 211 207 210 749 721 214 7 1237 1233 1229 1232 1771 1743 1236 4 211 215 1237 1233 4 207 211 1233 1229 4 210 207 1229 1232 4 749 210 1232 1771 4 721 749 1771 1743 4 214 721 1743 1236 4 215 214 1236 1237 9 7 217 202 776 773 394 775 409 7 1239 1224 1798 1795 1416 1797 1431 4 202 217 1239 1224 4 776 202 1224 1798 4 773 776 1798 1795 4 394 773 1795 1416 4 775 394 1416 1797 4 409 775 1797 1431 4 409 217 1239 1431 9 7 517 809 814 516 518 521 811 7 1539 1831 1836 1538 1540 1543 1833 4 809 517 1539 1831 4 814 809 1831 1836 4 516 814 1836 1538 4 518 516 1538 1540 4 521 518 1540 1543 4 811 521 1543 1833 4 517 811 1833 1539 9 7 853 208 801 221 802 828 826 7 1875 1230 1823 1243 1824 1850 1848 4 208 853 1875 1230 4 801 208 1230 1823 4 221 801 1823 1243 4 802 221 1243 1824 4 802 828 1850 1824 4 828 826 1848 1850 4 853 826 1848 1875 9 7 167 170 268 254 835 513 862 7 1189 1192 1290 1276 1857 1535 1884 4 167 170 1192 1189 4 268 170 1192 1290 4 254 268 1290 1276 4 835 254 1276 1857 4 513 835 1857 1535 4 862 513 1535 1884 4 167 862 1884 1189 9 7 53 844 150 328 155 869 51 7 1075 1866 1172 1350 1177 1891 1073 4 844 53 1075 1866 4 150 844 1866 1172 4 328 150 1172 1350 4 155 328 1350 1177 4 869 155 1177 1891 4 51 869 1891 1073 4 53 51 1073 1075 9 7 270 431 878 415 410 851 877 7 1292 1453 1900 1437 1432 1873 1899 4 431 270 1292 1453 4 878 431 1453 1900 4 415 878 1900 1437 4 410 415 1437 1432 4 851 410 1432 1873 4 877 851 1873 1899 4 270 877 1899 1292 9 7 863 170 167 161 885 837 156 7 1885 1192 1189 1183 1907 1859 1178 4 170 863 1885 1192 4 167 170 1192 1189 4 161 167 1189 1183 4 885 161 1183 1907 4 837 885 1907 1859 4 156 837 1859 1178 4 863 156 1178 1885 9 7 273 743 847 871 893 135 897 7 1295 1765 1869 1893 1915 1157 1919 4 743 273 1295 1765 4 847 743 1765 1869 4 871 847 1869 1893 4 893 871 1893 1915 4 135 893 1915 1157 4 897 135 1157 1919 4 273 897 1919 1295 9 7 438 450 887 240 813 912 932 7 1460 1472 1909 1262 1835 1934 1954 4 450 438 1460 1472 4 887 450 1472 1909 4 240 887 1909 1262 4 813 240 1262 1835 4 912 813 1835 1934 4 932 912 1934 1954 4 438 932 1954 1460 9 7 449 443 930 901 904 903 929 7 1471 1465 1952 1923 1926 1925 1951 4 443 449 1471 1465 4 930 443 1465 1952 4 901 930 1952 1923 4 904 901 1923 1926 4 903 904 1926 1925 4 929 903 1925 1951 4 449 929 1951 1471 9 7 456 889 438 452 934 914 455 7 1478 1911 1460 1474 1956 1936 1477 4 456 889 1911 1478 4 438 889 1911 1460 4 452 438 1460 1474 4 934 452 1474 1956 4 914 934 1956 1936 4 455 914 1936 1477 4 456 455 1477 1478 9 7 935 950 340 890 889 456 459 7 1957 1972 1362 1912 1911 1478 1481 4 950 935 1957 1972 4 340 950 1972 1362 4 890 340 1362 1912 4 889 890 1912 1911 4 456 889 1911 1478 4 459 456 1478 1481 4 935 459 1481 1957 9 7 309 795 301 300 304 141 796 7 1331 1817 1323 1322 1326 1163 1818 4 795 309 1331 1817 4 301 795 1817 1323 4 300 301 1323 1322 4 304 300 1322 1326 4 141 304 1326 1163 4 796 141 1163 1818 4 309 796 1818 1331 9 7 151 846 309 794 312 145 823 7 1173 1868 1331 1816 1334 1167 1845 4 846 151 1173 1868 4 309 846 1868 1331 4 794 309 1331 1816 4 312 794 1816 1334 4 145 312 1334 1167 4 823 145 1167 1845 4 151 823 1845 1173 9 7 844 822 151 317 320 321 845 7 1866 1844 1173 1339 1342 1343 1867 4 822 844 1866 1844 4 151 822 1844 1173 4 317 151 1173 1339 4 320 317 1339 1342 4 321 320 1342 1343 4 845 321 1343 1867 4 844 845 1867 1866 10 8 522 805 30 36 196 226 46 236 8 1544 1827 1052 1058 1218 1248 1068 1258 4 522 805 1827 1544 4 30 805 1827 1052 4 36 30 1052 1058 4 36 196 1218 1058 4 226 196 1218 1248 4 46 226 1248 1068 4 236 46 1068 1258 4 522 236 1258 1544 10 8 511 163 231 329 330 327 322 166 8 1533 1185 1253 1351 1352 1349 1344 1188 4 163 511 1533 1185 4 231 163 1185 1253 4 329 231 1253 1351 4 330 329 1351 1352 4 327 330 1352 1349 4 322 327 1349 1344 4 166 322 1344 1188 4 511 166 1188 1533 10 8 578 44 581 34 38 40 42 579 8 1600 1066 1603 1056 1060 1062 1064 1601 4 44 578 1600 1066 4 581 44 1066 1603 4 34 581 1603 1056 4 38 34 1056 1060 4 40 38 1060 1062 4 42 40 1062 1064 4 579 42 1064 1601 4 578 579 1601 1600 10 8 856 134 247 245 528 519 530 532 8 1878 1156 1269 1267 1550 1541 1552 1554 4 856 134 1156 1878 4 247 134 1156 1269 4 247 245 1267 1269 4 528 245 1267 1550 4 519 528 1550 1541 4 530 519 1541 1552 4 532 530 1552 1554 4 532 856 1878 1554 10 8 856 532 233 531 829 830 152 859 8 1878 1554 1255 1553 1851 1852 1174 1881 4 532 856 1878 1554 4 233 532 1554 1255 4 531 233 1255 1553 4 531 829 1851 1553 4 830 829 1851 1852 4 152 830 1852 1174 4 152 859 1881 1174 4 859 856 1878 1881 10 8 83 545 74 75 544 78 79 82 8 1105 1567 1096 1097 1566 1100 1101 1104 4 83 545 1567 1105 4 74 545 1567 1096 4 75 74 1096 1097 4 544 75 1097 1566 4 78 544 1566 1100 4 79 78 1100 1101 4 82 79 1101 1104 4 83 82 1104 1105 10 8 960 545 83 86 87 90 91 969 8 1982 1567 1105 1108 1109 1112 1113 1991 4 545 960 1982 1567 4 83 545 1567 1105 4 86 83 1105 1108 4 87 86 1108 1109 4 90 87 1109 1112 4 91 90 1112 1113 4 969 91 1113 1991 4 969 960 1982 1991 10 8 113 108 117 116 112 652 629 650 8 1135 1130 1139 1138 1134 1674 1651 1672 4 108 113 1135 1130 4 117 108 1130 1139 4 116 117 1139 1138 4 112 116 1138 1134 4 652 112 1134 1674 4 629 652 1674 1651 4 650 629 1651 1672 4 650 113 1135 1672 10 8 741 739 491 477 475 473 768 169 8 1763 1761 1513 1499 1497 1495 1790 1191 4 739 741 1763 1761 4 491 739 1761 1513 4 477 491 1513 1499 4 475 477 1499 1497 4 473 475 1497 1495 4 768 473 1495 1790 4 169 768 1790 1191 4 741 169 1191 1763 10 8 121 807 237 781 123 808 805 522 8 1143 1829 1259 1803 1145 1830 1827 1544 4 807 121 1143 1829 4 237 807 1829 1259 4 781 237 1259 1803 4 123 781 1803 1145 4 123 808 1830 1145 4 805 808 1830 1827 4 522 805 1827 1544 4 121 522 1544 1143 10 8 533 426 859 152 425 143 424 857 8 1555 1448 1881 1174 1447 1165 1446 1879 4 426 533 1555 1448 4 426 859 1881 1448 4 152 859 1881 1174 4 425 152 1174 1447 4 143 425 1447 1165 4 424 143 1165 1446 4 857 424 1446 1879 4 533 857 1879 1555 10 8 444 265 260 911 261 441 442 910 8 1466 1287 1282 1933 1283 1463 1464 1932 4 265 444 1466 1287 4 260 265 1287 1282 4 911 260 1282 1933 4 261 911 1933 1283 4 441 261 1283 1463 4 442 441 1463 1464 4 910 442 1464 1932 4 444 910 1932 1466 10 8 142 955 244 957 958 917 939 953 8 1164 1977 1266 1979 1980 1939 1961 1975 4 955 142 1164 1977 4 244 955 1977 1266 4 957 244 1266 1979 4 958 957 1979 1980 4 917 958 1980 1939 4 939 917 1939 1961 4 953 939 1961 1975 4 142 953 1975 1164 10 8 996 639 468 467 690 277 798 1004 8 2018 1661 1490 1489 1712 1299 1820 2026 4 639 996 2018 1661 4 468 639 1661 1490 4 467 468 1490 1489 4 690 467 1489 1712 4 277 690 1712 1299 4 277 798 1820 1299 4 1004 798 1820 2026 4 1004 996 2018 2026 10 8 18 585 14 16 111 114 607 115 8 1040 1607 1036 1038 1133 1136 1629 1137 4 585 18 1040 1607 4 14 585 1607 1036 4 16 14 1036 1038 4 111 16 1038 1133 4 114 111 1133 1136 4 607 114 1136 1629 4 115 607 1629 1137 4 18 115 1137 1040 10 8 129 291 132 15 632 17 125 128 8 1151 1313 1154 1037 1654 1039 1147 1150 4 291 129 1151 1313 4 132 291 1313 1154 4 15 132 1154 1037 4 632 15 1037 1654 4 17 632 1654 1039 4 125 17 1039 1147 4 128 125 1147 1150 4 129 128 1150 1151 10 8 675 104 651 113 650 96 100 109 8 1697 1126 1673 1135 1672 1118 1122 1131 4 104 675 1697 1126 4 651 104 1126 1673 4 113 651 1673 1135 4 650 113 1135 1672 4 650 96 1118 1672 4 100 96 1118 1122 4 109 100 1122 1131 4 675 109 1131 1697 10 8 382 719 383 386 694 390 666 695 8 1404 1741 1405 1408 1716 1412 1688 1717 4 719 382 1404 1741 4 383 719 1741 1405 4 386 383 1405 1408 4 694 386 1408 1716 4 390 694 1716 1412 4 666 390 1412 1688 4 695 666 1688 1717 4 382 695 1717 1404 10 8 709 283 680 708 173 490 41 43 8 1731 1305 1702 1730 1195 1512 1063 1065 4 283 709 1731 1305 4 680 283 1305 1702 4 708 680 1702 1730 4 173 708 1730 1195 4 490 173 1195 1512 4 41 490 1512 1063 4 43 41 1063 1065 4 709 43 1065 1731 10 8 211 751 371 374 375 720 379 722 8 1233 1773 1393 1396 1397 1742 1401 1744 4 751 211 1233 1773 4 371 751 1773 1393 4 374 371 1393 1396 4 375 374 1396 1397 4 720 375 1397 1742 4 379 720 1742 1401 4 722 379 1401 1744 4 211 722 1744 1233 10 8 733 37 494 498 497 502 732 706 8 1755 1059 1516 1520 1519 1524 1754 1728 4 37 733 1755 1059 4 494 37 1059 1516 4 498 494 1516 1520 4 497 498 1520 1519 4 502 497 1519 1524 4 732 502 1524 1754 4 706 732 1754 1728 4 733 706 1728 1755 10 8 36 778 750 219 222 777 223 196 8 1058 1800 1772 1241 1244 1799 1245 1218 4 778 36 1058 1800 4 750 778 1800 1772 4 219 750 1772 1241 4 222 219 1241 1244 4 777 222 1244 1799 4 223 777 1799 1245 4 196 223 1245 1218 4 36 196 1218 1058 10 8 828 220 803 200 774 217 409 826 8 1850 1242 1825 1222 1796 1239 1431 1848 4 828 220 1242 1850 4 803 220 1242 1825 4 200 803 1825 1222 4 774 200 1222 1796 4 217 774 1796 1239 4 409 217 1239 1431 4 826 409 1431 1848 4 828 826 1848 1850 10 8 842 318 819 315 818 310 314 319 8 1864 1340 1841 1337 1840 1332 1336 1341 4 318 842 1864 1340 4 819 318 1340 1841 4 315 819 1841 1337 4 818 315 1337 1840 4 310 818 1840 1332 4 314 310 1332 1336 4 319 314 1336 1341 4 842 319 1341 1864 10 8 426 881 147 153 136 134 856 859 8 1448 1903 1169 1175 1158 1156 1878 1881 4 426 881 1903 1448 4 147 881 1903 1169 4 153 147 1169 1175 4 136 153 1175 1158 4 134 136 1158 1156 4 856 134 1156 1878 4 859 856 1878 1881 4 426 859 1881 1448 11 9 828 802 235 829 531 126 232 224 220 9 1850 1824 1257 1851 1553 1148 1254 1246 1242 4 802 828 1850 1824 4 235 802 1824 1257 4 829 235 1257 1851 4 531 829 1851 1553 4 126 531 1553 1148 4 232 126 1148 1254 4 224 232 1254 1246 4 220 224 1246 1242 4 828 220 1242 1850 11 9 763 298 294 760 485 175 506 508 788 9 1785 1320 1316 1782 1507 1197 1528 1530 1810 4 298 763 1785 1320 4 294 298 1320 1316 4 760 294 1316 1782 4 485 760 1782 1507 4 175 485 1507 1197 4 506 175 1197 1528 4 508 506 1528 1530 4 788 508 1530 1810 4 763 788 1810 1785 11 9 187 626 76 604 73 69 602 603 77 9 1209 1648 1098 1626 1095 1091 1624 1625 1099 4 626 187 1209 1648 4 76 626 1648 1098 4 604 76 1098 1626 4 73 604 1626 1095 4 69 73 1095 1091 4 602 69 1091 1624 4 603 602 1624 1625 4 77 603 1625 1099 4 187 77 1099 1209 11 9 96 650 186 628 89 85 80 627 92 9 1118 1672 1208 1650 1111 1107 1102 1649 1114 4 650 96 1118 1672 4 186 650 1672 1208 4 628 186 1208 1650 4 89 628 1650 1111 4 85 89 1111 1107 4 80 85 1107 1102 4 627 80 1102 1649 4 92 627 1649 1114 4 96 92 1114 1118 11 9 123 348 780 349 352 63 239 520 808 9 1145 1370 1802 1371 1374 1085 1261 1542 1830 4 348 123 1145 1370 4 780 348 1370 1802 4 349 780 1802 1371 4 352 349 1371 1374 4 63 352 1374 1085 4 239 63 1085 1261 4 520 239 1261 1542 4 808 520 1542 1830 4 123 808 1830 1145 11 9 833 254 836 834 527 245 247 341 250 9 1855 1276 1858 1856 1549 1267 1269 1363 1272 4 254 833 1855 1276 4 836 254 1276 1858 4 834 836 1858 1856 4 527 834 1856 1549 4 245 527 1549 1267 4 247 245 1267 1269 4 341 247 1269 1363 4 250 341 1363 1272 4 833 250 1272 1855 11 9 436 884 146 881 426 858 432 139 433 9 1458 1906 1168 1903 1448 1880 1454 1161 1455 4 436 884 1906 1458 4 146 884 1906 1168 4 881 146 1168 1903 4 426 881 1903 1448 4 858 426 1448 1880 4 432 858 1880 1454 4 139 432 1454 1161 4 433 139 1161 1455 4 436 433 1455 1458 11 9 437 257 253 419 249 882 884 436 883 9 1459 1279 1275 1441 1271 1904 1906 1458 1905 4 257 437 1459 1279 4 253 257 1279 1275 4 419 253 1275 1441 4 249 419 1441 1271 4 882 249 1271 1904 4 884 882 1904 1906 4 436 884 1906 1458 4 883 436 1458 1905 4 437 883 1905 1459 11 9 376 56 389 54 620 385 643 380 381 9 1398 1078 1411 1076 1642 1407 1665 1402 1403 4 56 376 1398 1078 4 389 56 1078 1411 4 54 389 1411 1076 4 620 54 1076 1642 4 385 620 1642 1407 4 643 385 1407 1665 4 380 643 1665 1402 4 381 380 1402 1403 4 376 381 1403 1398 11 9 693 665 396 400 401 404 641 667 393 9 1715 1687 1418 1422 1423 1426 1663 1689 1415 4 665 693 1715 1687 4 396 665 1687 1418 4 400 396 1418 1422 4 401 400 1422 1423 4 404 401 1423 1426 4 641 404 1426 1663 4 667 641 1663 1689 4 393 667 1689 1415 4 693 393 1415 1715 11 9 369 372 376 645 373 204 669 364 203 9 1391 1394 1398 1667 1395 1226 1691 1386 1225 4 372 369 1391 1394 4 376 372 1394 1398 4 645 376 1398 1667 4 373 645 1667 1395 4 204 373 1395 1226 4 669 204 1226 1691 4 364 669 1691 1386 4 203 364 1386 1225 4 369 203 1225 1391 11 9 361 359 198 369 367 671 355 199 699 9 1383 1381 1220 1391 1389 1693 1377 1221 1721 4 359 361 1383 1381 4 198 359 1381 1220 4 369 198 1220 1391 4 367 369 1391 1389 4 671 367 1389 1693 4 355 671 1693 1377 4 199 355 1377 1221 4 699 199 1221 1721 4 361 699 1721 1383 11 9 756 730 182 183 162 154 726 729 174 9 1778 1752 1204 1205 1184 1176 1748 1751 1196 4 730 756 1778 1752 4 182 730 1752 1204 4 183 182 1204 1205 4 162 183 1205 1184 4 154 162 1184 1176 4 726 154 1176 1748 4 729 726 1748 1751 4 174 729 1751 1196 4 756 174 1196 1778 11 9 301 798 277 280 771 289 292 293 770 9 1323 1820 1299 1302 1793 1311 1314 1315 1792 4 798 301 1323 1820 4 277 798 1820 1299 4 280 277 1299 1302 4 771 280 1302 1793 4 289 771 1793 1311 4 292 289 1311 1314 4 293 292 1314 1315 4 770 293 1315 1792 4 301 770 1792 1323 12 10 984 944 946 945 949 924 923 925 948 987 10 2006 1966 1968 1967 1971 1946 1945 1947 1970 2009 4 944 984 2006 1966 4 946 944 1966 1968 4 945 946 1968 1967 4 949 945 1967 1971 4 924 949 1971 1946 4 923 924 1946 1945 4 925 923 1945 1947 4 948 925 1947 1970 4 987 948 1970 2009 4 987 984 2006 2009 12 10 705 681 676 31 653 29 27 33 678 35 10 1727 1703 1698 1053 1675 1051 1049 1055 1700 1057 4 681 705 1727 1703 4 676 681 1703 1698 4 31 676 1698 1053 4 653 31 1053 1675 4 29 653 1675 1051 4 27 29 1051 1049 4 33 27 1049 1055 4 678 33 1055 1700 4 35 678 1700 1057 4 705 35 1057 1727 12 10 779 26 360 362 753 366 368 370 752 778 10 1801 1048 1382 1384 1775 1388 1390 1392 1774 1800 4 26 779 1801 1048 4 360 26 1048 1382 4 362 360 1382 1384 4 753 362 1384 1775 4 366 753 1775 1388 4 368 366 1388 1390 4 370 368 1390 1392 4 752 370 1392 1774 4 778 752 1774 1800 4 779 778 1800 1801 12 10 267 174 61 342 351 346 347 343 757 171 10 1289 1196 1083 1364 1373 1368 1369 1365 1779 1193 4 174 267 1289 1196 4 61 174 1196 1083 4 342 61 1083 1364 4 351 342 1364 1373 4 346 351 1373 1368 4 347 346 1368 1369 4 343 347 1369 1365 4 757 343 1365 1779 4 171 757 1779 1193 4 267 171 1193 1289 12 10 463 895 160 332 335 337 339 865 892 915 10 1485 1917 1182 1354 1357 1359 1361 1887 1914 1937 4 895 463 1485 1917 4 160 895 1917 1182 4 332 160 1182 1354 4 335 332 1354 1357 4 337 335 1357 1359 4 339 337 1359 1361 4 865 339 1361 1887 4 892 865 1887 1914 4 915 892 1914 1937 4 463 915 1937 1485 13 11 59 700 725 359 84 195 724 81 357 194 201 11 1081 1722 1747 1381 1106 1217 1746 1103 1379 1216 1223 4 700 59 1081 1722 4 725 700 1722 1747 4 359 725 1747 1381 4 84 359 1381 1106 4 195 84 1106 1217 4 724 195 1217 1746 4 81 724 1746 1103 4 357 81 1103 1379 4 194 357 1379 1216 4 201 194 1216 1223 4 59 201 1223 1081 
</DataArray>
<DataArray type="Int32" Name="faceoffsets" format="ascii">
24 48 79 110 141 172 203 234 265 296 327 358 389 420 451 482 513 544 575 606 637 668 699 730 761 792 823 854 885 916 947 978 1009 1040 1071 1102 1133 1164 1195 1226 1257 1288 1319 1350 1381 1412 1443 1474 1505 1536 1567 1598 1629 1660 1691 1722 1753 1784 1815 1846 1877 1908 1939 1970 2001 2032 2063 2094 2125 2156 2187 2218 2249 2280 2311 2342 2373 2404 2435 2466 2497 2528 2559 2590 2621 2652 2683 2714 2745 2776 2807 2838 2869 2900 2931 2962 2993 3024 3055 3086 3117 3148 3179 3210 3241 3272 3303 3334 3365 3396 3427 3458 3489 3520 3551 3582 3613 3644 3675 3706 3737 3768 3799 3830 3861 3892 3923 3954 3985 4016 4047 4078 4109 4140 4171 4202 4233 4264 4295 4326 4357 4388 4419 4450 4481 4512 4543 4574 4605 4636 4667 4698 4729 4760 4791 4822 4853 4884 4915 4946 4977 5008 5039 5070 5101 5132 5163 5194 5225 5256 5287 5318 5349 5380 5411 5442 5473 5504 5535 5566 5597 5628 5659 5690 5721 5752 5783 5814 5845 5876 5907 5938 5969 6007 6045 6083 6121 6159 6197 6235 6273 6311 6349 6387 6425 6463 6501 6539 6577 6615 6653 6691 6729 6767 6805 6843 6881 6919 6957 6995 7033 7071 7109 7147 7185 7223 7261 7299 7337 7375 7413 7451 7489 7527 7565 7603 7641 7679 7717 7755 7793 7831 7869 7907 7945 7983 8021 8059 8097 8135 8173 8211 8249 8287 8325 8363 8401 8439 8477 8515 8553 8591 8629 8667 8705 8743 8781 8819 8857 8895 8933 8971 9009 9047 9085 9123 9161 9199 9237 9275 9313 9351 9389 9427 9465 9503 9541 9579 9617 9655 9693 9731 9769 9807 9845 9883 9921 9959 9997 10035 10073 10111 10149 10187 10225 10263 10301 10339 10377 10415 10453 10491 10529 10567 10605 10643 10681 10719 10757 10795 10833 10871 10909 10947 10985 11023 11061 11099 11137 11175 11213 11251 11289 11327 11365 11403 11441 11479 11517 11555 11593 11631 11669 11707 11745 11783 11821 11859 11897 11935 11973 12011 12049 12087 12125 12163 12201 12239 12277 12315 12353 12391 12429 12467 12505 12543 12581 12619 12657 12695 12733 12771 12809 12847 12885 12923 12961 12999 13037 13075 13113 13151 13189 13227 13265 13303 13341 13386 13431 13476 13521 13566 13611 13656 13701 13746 13791 13836 13881 13926 13971 14016 14061 14106 14151 14196 14241 14286 14331 14376 14421 14466 14511 14556 14601 14646 14691 14736 14781 14826 14871 14916 14961 15006 15051 15096 15141 15186 15231 15276 15321 15366 15411 15456 15501 15546 15591 15636 15681 15726 15771 15816 15861 15906 15951 15996 16041 16086 16131 16176 16221 16266 16311 16356 16401 16446 16491 16536 16581 16626 16671 16716 16761 16806 16851 16896 16941 16986 17031 17076 17121 17166 17211 17256 17301 17346 17391 17436 17481 17526 17571 17616 17661 17706 17751 17796 17841 17886 17931 17976 18028 18080 18132 18184 18236 18288 18340 18392 18444 18496 18548 18600 18652 18704 18756 18808 18860 18912 18964 19016 19068 19120 19172 19224 19276 19328 19380 19432 19484 19536 19588 19640 19692 19744 19796 19848 19900 19952 20004 20056 20108 20160 20212 20264 20316 20368 20420 20472 20524 20576 20628 20680 20732 20784 20836 20888 20940 20992 21044 21096 21148 21207 21266 21325 21384 21443 21502 21561 21620 21679 21738 21797 21856 21915 21974 22033 22092 22151 22210 22269 22328 22387 22446 22505 22564 22623 22689 22755 22821 22887 22953 23019 23085 23151 23217 23283 23349 23415 23481 23547 23620 23693 23766 23839 23912 23992 
</DataArray>
</Cells>
</Piece>
</UnstructuredGrid>
</VTKFile>
